plate_name,plate_well,fixed_base1_N,index_seq,fixed_base2_V,barcode_sequence,sample,fixation,frozen,permeabilization,pool
SCIFI_RT384_plate1,A01,A,AGTGATTAGCA,A,AAGTGATTAGCAA,3T3-Jurkat-1to1-mixture,1%-formaldehyde,1,Digitonin-Tween20,3T3-Jurkat-1to1-mixture
SCIFI_RT384_plate1,A02,A,GAATCCCCCTA,A,AGAATCCCCCTAA,3T3-Jurkat-1to1-mixture,4%-formaldehyde,1,Digitonin-Tween20,3T3-Jurkat-1to1-mixture
SCIFI_RT384_plate1,A03,A,CCTGGGAAACT,A,ACCTGGGAAACTA,PBMCs,1%-formaldehyde,1,Digitonin-Tween20,PBMC-Tcell
SCIFI_RT384_plate1,A04,A,TACCTCCCAGG,A,ATACCTCCCAGGA,PBMCs,4%-formaldehyde,1,Digitonin-Tween20,PBMC-Tcell
SCIFI_RT384_plate1,A05,A,ATTTGTGGTAT,A,AATTTGTGGTATA,Tcells,1%-formaldehyde,1,Digitonin-Tween20,PBMC-Tcell
SCIFI_RT384_plate1,A06,A,CCCGAGAGATC,A,ACCCGAGAGATCA,Tcells,4%-formaldehyde,1,Digitonin-Tween20,PBMC-Tcell
SCIFI_RT384_plate1,A07,A,GAGTATAGGGT,A,AGAGTATAGGGTA,PBMCs,1%-formaldehyde,0,Digitonin-Tween20,PBMC-Tcell
SCIFI_RT384_plate1,A08,A,TCTTAATTGAG,A,ATCTTAATTGAGA,PBMCs,4%-formaldehyde,0,Digitonin-Tween20,PBMC-Tcell
SCIFI_RT384_plate1,A09,A,ACGTTCTGTCG,A,AACGTTCTGTCGA,Tcells,1%-formaldehyde,0,Digitonin-Tween20,PBMC-Tcell
SCIFI_RT384_plate1,A10,A,CATAATGGCGA,A,ACATAATGGCGAA,Tcells,4%-formaldehyde,0,Digitonin-Tween20,PBMC-Tcell
SCIFI_RT384_plate1,A11,A,GGCCGGAACAT,A,AGGCCGGAACATA,3T3-Jurkat-1to1-mixture,not-fixed,0,Digitonin-Tween20,3T3-Jurkat-1to1-mixture
SCIFI_RT384_plate1,A12,A,TCACTTCAAGA,A,ATCACTTCAAGAA,PBMCs,not-fixed,0,Digitonin-Tween20,PBMC-Tcell
SCIFI_RT384_plate1,B01,A,AGCTGGCCTTC,A,AAGCTGGCCTTCA,3T3-Jurkat-1to1-mixture,1%-formaldehyde,1,Digitonin-Tween20,3T3-Jurkat-1to1-mixture
SCIFI_RT384_plate1,B02,A,CTGCACATTGG,A,ACTGCACATTGGA,3T3-Jurkat-1to1-mixture,4%-formaldehyde,1,Digitonin-Tween20,3T3-Jurkat-1to1-mixture
SCIFI_RT384_plate1,B03,A,GGTCCTTCGAT,A,AGGTCCTTCGATA,PBMCs,1%-formaldehyde,1,Digitonin-Tween20,PBMC-Tcell
SCIFI_RT384_plate1,B04,A,TTCGCACCCGA,A,ATTCGCACCCGAA,PBMCs,4%-formaldehyde,1,Digitonin-Tween20,PBMC-Tcell
SCIFI_RT384_plate1,B05,A,CCGTAAATTAC,A,ACCGTAAATTACA,Tcells,1%-formaldehyde,1,Digitonin-Tween20,PBMC-Tcell
SCIFI_RT384_plate1,B06,A,GTAGTCGATAT,A,AGTAGTCGATATA,Tcells,4%-formaldehyde,1,Digitonin-Tween20,PBMC-Tcell
SCIFI_RT384_plate1,B07,A,TGTAAGAATCA,A,ATGTAAGAATCAA,PBMCs,1%-formaldehyde,0,Digitonin-Tween20,PBMC-Tcell
SCIFI_RT384_plate1,B08,A,AGGCCCGCCGT,A,AAGGCCCGCCGTA,PBMCs,4%-formaldehyde,0,Digitonin-Tween20,PBMC-Tcell
SCIFI_RT384_plate1,B09,A,CTCCACGCAAG,A,ACTCCACGCAAGA,Tcells,1%-formaldehyde,0,Digitonin-Tween20,PBMC-Tcell
SCIFI_RT384_plate1,B10,A,GTCTTTGATTA,A,AGTCTTTGATTAA,Tcells,4%-formaldehyde,0,Digitonin-Tween20,PBMC-Tcell
SCIFI_RT384_plate1,B11,A,TAGAGCCCGCC,A,ATAGAGCCCGCCA,3T3-Jurkat-1to1-mixture,not-fixed,0,Digitonin-Tween20,3T3-Jurkat-1to1-mixture
SCIFI_RT384_plate1,B12,A,AGAAATGGAGG,A,AAGAAATGGAGGA,PBMCs,not-fixed,0,Digitonin-Tween20,PBMC-Tcell
SCIFI_RT384_plate1,C01,T,CAGCGCTGGTT,A,TCAGCGCTGGTTA,3T3-Jurkat-1to1-mixture,1%-formaldehyde,1,Digitonin-Tween20,3T3-Jurkat-1to1-mixture
SCIFI_RT384_plate1,C02,T,GTTGACGAATA,A,TGTTGACGAATAA,3T3-Jurkat-1to1-mixture,4%-formaldehyde,1,Digitonin-Tween20,3T3-Jurkat-1to1-mixture
SCIFI_RT384_plate1,C03,T,TGCATCAGCGC,A,TTGCATCAGCGCA,PBMCs,1%-formaldehyde,1,Digitonin-Tween20,PBMC-Tcell
SCIFI_RT384_plate1,C04,T,AGCCATATGAG,A,TAGCCATATGAGA,PBMCs,4%-formaldehyde,1,Digitonin-Tween20,PBMC-Tcell
SCIFI_RT384_plate1,C05,T,CCTGCCCCTGT,A,TCCTGCCCCTGTA,Tcells,1%-formaldehyde,1,Digitonin-Tween20,PBMC-Tcell
SCIFI_RT384_plate1,C06,T,GGTATAAAACC,A,TGGTATAAAACCA,Tcells,4%-formaldehyde,1,Digitonin-Tween20,PBMC-Tcell
SCIFI_RT384_plate1,C07,T,TAAAGTCATGC,A,TTAAAGTCATGCA,PBMCs,1%-formaldehyde,0,Digitonin-Tween20,PBMC-Tcell
SCIFI_RT384_plate1,C08,T,AGAACTCAGAA,A,TAGAACTCAGAAA,PBMCs,4%-formaldehyde,0,Digitonin-Tween20,PBMC-Tcell
SCIFI_RT384_plate1,C09,T,CAGCTTAATCG,C,TCAGCTTAATCGC,Tcells,1%-formaldehyde,0,Digitonin-Tween20,PBMC-Tcell
SCIFI_RT384_plate1,C10,T,GGCTTAAGAGA,C,TGGCTTAAGAGAC,Tcells,4%-formaldehyde,0,Digitonin-Tween20,PBMC-Tcell
SCIFI_RT384_plate1,C11,T,TCACCTGTCGG,C,TTCACCTGTCGGC,3T3-Jurkat-1to1-mixture,not-fixed,0,Digitonin-Tween20,3T3-Jurkat-1to1-mixture
SCIFI_RT384_plate1,C12,T,ATAGTGATACT,C,TATAGTGATACTC,PBMCs,not-fixed,0,Digitonin-Tween20,PBMC-Tcell
SCIFI_RT384_plate1,D01,T,CATCAGCGAAC,C,TCATCAGCGAACC,3T3-Jurkat-1to1-mixture,1%-formaldehyde,1,Digitonin-Tween20,3T3-Jurkat-1to1-mixture
SCIFI_RT384_plate1,D02,T,GCGCCATGGGA,C,TGCGCCATGGGAC,3T3-Jurkat-1to1-mixture,4%-formaldehyde,1,Digitonin-Tween20,3T3-Jurkat-1to1-mixture
SCIFI_RT384_plate1,D03,T,TGTTGAACTCC,C,TTGTTGAACTCCC,PBMCs,1%-formaldehyde,1,Digitonin-Tween20,PBMC-Tcell
SCIFI_RT384_plate1,D04,T,ATATACGCAGT,C,TATATACGCAGTC,PBMCs,4%-formaldehyde,1,Digitonin-Tween20,PBMC-Tcell
SCIFI_RT384_plate1,D05,T,CGCACGACGTA,C,TCGCACGACGTAC,Tcells,1%-formaldehyde,1,Digitonin-Tween20,PBMC-Tcell
SCIFI_RT384_plate1,D06,T,GGGACAGAAGG,C,TGGGACAGAAGGC,Tcells,4%-formaldehyde,1,Digitonin-Tween20,PBMC-Tcell
SCIFI_RT384_plate1,D07,T,TTAACAAGTAT,C,TTTAACAAGTATC,PBMCs,1%-formaldehyde,0,Digitonin-Tween20,PBMC-Tcell
SCIFI_RT384_plate1,D08,T,ACTCCTGGGTA,C,TACTCCTGGGTAC,PBMCs,4%-formaldehyde,0,Digitonin-Tween20,PBMC-Tcell
SCIFI_RT384_plate1,D09,T,CAGAAAACCCC,C,TCAGAAAACCCCC,Tcells,1%-formaldehyde,0,Digitonin-Tween20,PBMC-Tcell
SCIFI_RT384_plate1,D10,T,GCACGAGCAGT,C,TGCACGAGCAGTC,Tcells,4%-formaldehyde,0,Digitonin-Tween20,PBMC-Tcell
SCIFI_RT384_plate1,D11,T,TATTATGCTTC,C,TTATTATGCTTCC,3T3-Jurkat-1to1-mixture,not-fixed,0,Digitonin-Tween20,3T3-Jurkat-1to1-mixture
SCIFI_RT384_plate1,D12,T,AGCGACTGTAT,C,TAGCGACTGTATC,PBMCs,not-fixed,0,Digitonin-Tween20,PBMC-Tcell
SCIFI_RT384_plate1,E01,C,CCTTGCGACAG,C,CCCTTGCGACAGC,3T3-Jurkat-1to1-mixture,1%-formaldehyde,1,Digitonin-Tween20,3T3-Jurkat-1to1-mixture
SCIFI_RT384_plate1,E02,C,GTTAGATTGCA,C,CGTTAGATTGCAC,3T3-Jurkat-1to1-mixture,4%-formaldehyde,1,Digitonin-Tween20,3T3-Jurkat-1to1-mixture
SCIFI_RT384_plate1,E03,C,TAAATACCATC,C,CTAAATACCATCC,PBMCs,1%-formaldehyde,1,Digitonin-Tween20,PBMC-Tcell
SCIFI_RT384_plate1,E04,C,ATATTTTTTAG,C,CATATTTTTTAGC,PBMCs,4%-formaldehyde,1,Digitonin-Tween20,PBMC-Tcell
SCIFI_RT384_plate1,E05,C,CCCTAAACGCT,C,CCCCTAAACGCTC,Tcells,1%-formaldehyde,1,Digitonin-Tween20,PBMC-Tcell
SCIFI_RT384_plate1,E06,C,GATTGTTAGGA,C,CGATTGTTAGGAC,Tcells,4%-formaldehyde,1,Digitonin-Tween20,PBMC-Tcell
SCIFI_RT384_plate1,E07,C,TACCGAGTCTC,C,CTACCGAGTCTCC,PBMCs,1%-formaldehyde,0,Digitonin-Tween20,PBMC-Tcell
SCIFI_RT384_plate1,E08,C,AGAACAAATTG,C,CAGAACAAATTGC,PBMCs,4%-formaldehyde,0,Digitonin-Tween20,PBMC-Tcell
SCIFI_RT384_plate1,E09,C,CTTGATCTCAT,C,CCTTGATCTCATC,Tcells,1%-formaldehyde,0,Digitonin-Tween20,PBMC-Tcell
SCIFI_RT384_plate1,E10,C,GCCACGCGTTA,C,CGCCACGCGTTAC,Tcells,4%-formaldehyde,0,Digitonin-Tween20,PBMC-Tcell
SCIFI_RT384_plate1,E11,C,TATAGATACGG,C,CTATAGATACGGC,3T3-Jurkat-1to1-mixture,not-fixed,0,Digitonin-Tween20,3T3-Jurkat-1to1-mixture
SCIFI_RT384_plate1,E12,C,ATACCCAGCCA,C,CATACCCAGCCAC,PBMCs,not-fixed,0,Digitonin-Tween20,PBMC-Tcell
SCIFI_RT384_plate1,F01,C,CCCGGATGTAC,C,CCCCGGATGTACC,3T3-Jurkat-1to1-mixture,1%-formaldehyde,1,Digitonin-Tween20,3T3-Jurkat-1to1-mixture
SCIFI_RT384_plate1,F02,C,GATCTCGGCTT,C,CGATCTCGGCTTC,3T3-Jurkat-1to1-mixture,4%-formaldehyde,1,Digitonin-Tween20,3T3-Jurkat-1to1-mixture
SCIFI_RT384_plate1,F03,C,TAGCCGCTTTG,C,CTAGCCGCTTTGC,PBMCs,1%-formaldehyde,1,Digitonin-Tween20,PBMC-Tcell
SCIFI_RT384_plate1,F04,C,CTAAATACAGC,C,CCTAAATACAGCC,PBMCs,4%-formaldehyde,1,Digitonin-Tween20,PBMC-Tcell
SCIFI_RT384_plate1,F05,C,GGGTTTTACCA,G,CGGGTTTTACCAG,Tcells,1%-formaldehyde,1,Digitonin-Tween20,PBMC-Tcell
SCIFI_RT384_plate1,F06,C,ATATCCATTGC,G,CATATCCATTGCG,Tcells,4%-formaldehyde,1,Digitonin-Tween20,PBMC-Tcell
SCIFI_RT384_plate1,F07,C,CTCCCGAGAGT,G,CCTCCCGAGAGTG,PBMCs,1%-formaldehyde,0,Digitonin-Tween20,PBMC-Tcell
SCIFI_RT384_plate1,F08,C,GAATATCTCCG,G,CGAATATCTCCGG,PBMCs,4%-formaldehyde,0,Digitonin-Tween20,PBMC-Tcell
SCIFI_RT384_plate1,F09,C,TACTAACCCAC,G,CTACTAACCCACG,Tcells,1%-formaldehyde,0,Digitonin-Tween20,PBMC-Tcell
SCIFI_RT384_plate1,F10,C,AAATGATACAA,G,CAAATGATACAAG,Tcells,4%-formaldehyde,0,Digitonin-Tween20,PBMC-Tcell
SCIFI_RT384_plate1,F11,C,CCCCATTATTT,G,CCCCCATTATTTG,3T3-Jurkat-1to1-mixture,not-fixed,0,Digitonin-Tween20,3T3-Jurkat-1to1-mixture
SCIFI_RT384_plate1,F12,C,GAGTCGCGACG,G,CGAGTCGCGACGG,PBMCs,not-fixed,0,Digitonin-Tween20,PBMC-Tcell
SCIFI_RT384_plate1,G01,G,TGGTTGTGGCC,G,GTGGTTGTGGCCG,3T3-Jurkat-1to1-mixture,1%-formaldehyde,1,Digitonin-Tween20,3T3-Jurkat-1to1-mixture
SCIFI_RT384_plate1,G02,G,ATTCAAGGAAA,G,GATTCAAGGAAAG,3T3-Jurkat-1to1-mixture,4%-formaldehyde,1,Digitonin-Tween20,3T3-Jurkat-1to1-mixture
SCIFI_RT384_plate1,G03,G,CCAAGATCTGG,G,GCCAAGATCTGGG,PBMCs,1%-formaldehyde,1,Digitonin-Tween20,PBMC-Tcell
SCIFI_RT384_plate1,G04,G,ATACTGTATCA,G,GATACTGTATCAG,PBMCs,4%-formaldehyde,1,Digitonin-Tween20,PBMC-Tcell
SCIFI_RT384_plate1,G05,G,CCGATTCGTGC,G,GCCGATTCGTGCG,Tcells,1%-formaldehyde,1,Digitonin-Tween20,PBMC-Tcell
SCIFI_RT384_plate1,G06,G,TGACAACGCTG,G,GTGACAACGCTGG,Tcells,4%-formaldehyde,1,Digitonin-Tween20,PBMC-Tcell
SCIFI_RT384_plate1,G07,G,GGCTGTCTTAT,G,GGGCTGTCTTATG,PBMCs,1%-formaldehyde,0,Digitonin-Tween20,PBMC-Tcell
SCIFI_RT384_plate1,G08,G,ACCCTGGCCTG,G,GACCCTGGCCTGG,PBMCs,4%-formaldehyde,0,Digitonin-Tween20,PBMC-Tcell
SCIFI_RT384_plate1,G09,G,CGTACGCTTAT,G,GCGTACGCTTATG,Tcells,1%-formaldehyde,0,Digitonin-Tween20,PBMC-Tcell
SCIFI_RT384_plate1,G10,G,TTGCACTTAAT,G,GTTGCACTTAATG,Tcells,4%-formaldehyde,0,Digitonin-Tween20,PBMC-Tcell
SCIFI_RT384_plate1,G11,G,GACAAAGAGAA,G,GGACAAAGAGAAG,3T3-Jurkat-1to1-mixture,not-fixed,0,Digitonin-Tween20,3T3-Jurkat-1to1-mixture
SCIFI_RT384_plate1,G12,G,AACCACAGCAC,G,GAACCACAGCACG,PBMCs,not-fixed,0,Digitonin-Tween20,PBMC-Tcell
SCIFI_RT384_plate1,H01,G,CTTATCTAGAG,G,GCTTATCTAGAGG,Tcells,not-fixed,0,Digitonin-Tween20,PBMC-Tcell
SCIFI_RT384_plate1,H02,G,TAATGTGGTCA,G,GTAATGTGGTCAG,Tcells,not-fixed,0,Digitonin-Tween20,PBMC-Tcell
SCIFI_RT384_plate1,H03,G,GCGCGCGAGCT,G,GGCGCGCGAGCTG,Tcells,not-fixed,0,Digitonin-Tween20,PBMC-Tcell
SCIFI_RT384_plate1,H04,G,TCCATGTGTGT,G,GTCCATGTGTGTG,Tcells,not-fixed,0,Digitonin-Tween20,PBMC-Tcell
SCIFI_RT384_plate1,H05,G,GGAGGAATCCA,G,GGGAGGAATCCAG,Tcells,not-fixed,0,Digitonin-Tween20,PBMC-Tcell
SCIFI_RT384_plate1,H06,G,ATCAAAATAGG,G,GATCAAAATAGGG,Tcells,not-fixed,0,Digitonin-Tween20,PBMC-Tcell
SCIFI_RT384_plate1,H07,G,CAAGACTGCCA,G,GCAAGACTGCCAG,Tcells,not-fixed,0,Digitonin-Tween20,PBMC-Tcell
SCIFI_RT384_plate1,H08,G,TAGGATGGACC,G,GTAGGATGGACCG,H2O,N/A,N/A,Digitonin-Tween20,3T3-Jurkat-1to1-mixture
SCIFI_RT384_plate1,H09,G,GATCGGACCTA,G,GGATCGGACCTAG,H2O,N/A,N/A,Digitonin-Tween20,3T3-Jurkat-1to1-mixture
SCIFI_RT384_plate1,H10,G,CCCAAAGGAAT,G,GCCCAAAGGAATG,H2O,N/A,N/A,Digitonin-Tween20,3T3-Jurkat-1to1-mixture
SCIFI_RT384_plate1,H11,G,TACCTAACGCA,G,GTACCTAACGCAG,H2O,N/A,N/A,Digitonin-Tween20,3T3-Jurkat-1to1-mixture
SCIFI_RT384_plate1,H12,G,GTCAGGTTCAG,G,GGTCAGGTTCAGG,H2O,N/A,N/A,Digitonin-Tween20,3T3-Jurkat-1to1-mixture
SCIFI_RT384_plate2,A01,A,ACCTCCAACCC,A,AACCTCCAACCCA,3T3-Jurkat-1to1-mixture,1%-formaldehyde,1,TritonX100,3T3-Jurkat-1to1-mixture
SCIFI_RT384_plate2,A02,A,CGTTTCAGCCA,A,ACGTTTCAGCCAA,3T3-Jurkat-1to1-mixture,4%-formaldehyde,1,TritonX100,3T3-Jurkat-1to1-mixture
SCIFI_RT384_plate2,A03,A,TAAGGTTAGAT,A,ATAAGGTTAGATA,PBMCs,1%-formaldehyde,1,TritonX100,PBMC-Tcell
SCIFI_RT384_plate2,A04,A,ATATACCAGAC,A,AATATACCAGACA,PBMCs,4%-formaldehyde,1,TritonX100,PBMC-Tcell
SCIFI_RT384_plate2,A05,A,GGAGAGACTGT,A,AGGAGAGACTGTA,Tcells,1%-formaldehyde,1,TritonX100,PBMC-Tcell
SCIFI_RT384_plate2,A06,A,CTCATCTTAGC,A,ACTCATCTTAGCA,Tcells,4%-formaldehyde,1,TritonX100,PBMC-Tcell
SCIFI_RT384_plate2,A07,A,AATTTGGCCGT,A,AAATTTGGCCGTA,PBMCs,1%-formaldehyde,0,TritonX100,PBMC-Tcell
SCIFI_RT384_plate2,A08,A,TTAAGGAAGTA,A,ATTAAGGAAGTAA,PBMCs,4%-formaldehyde,0,TritonX100,PBMC-Tcell
SCIFI_RT384_plate2,A09,A,ACCGATCCAGA,A,AACCGATCCAGAA,Tcells,1%-formaldehyde,0,TritonX100,PBMC-Tcell
SCIFI_RT384_plate2,A10,A,CAACGGGACTG,A,ACAACGGGACTGA,Tcells,4%-formaldehyde,0,TritonX100,PBMC-Tcell
SCIFI_RT384_plate2,A11,A,TCCAGTACAAC,A,ATCCAGTACAACA,3T3-Jurkat-1to1-mixture,not-fixed,0,TritonX100,3T3-Jurkat-1to1-mixture
SCIFI_RT384_plate2,A12,A,GAGGACGATGC,A,AGAGGACGATGCA,PBMCs,not-fixed,0,TritonX100,PBMC-Tcell
SCIFI_RT384_plate2,B01,A,AAGGGTCGCTT,A,AAAGGGTCGCTTA,3T3-Jurkat-1to1-mixture,1%-formaldehyde,1,TritonX100,3T3-Jurkat-1to1-mixture
SCIFI_RT384_plate2,B02,A,CCCATGTAGCA,A,ACCCATGTAGCAA,3T3-Jurkat-1to1-mixture,4%-formaldehyde,1,TritonX100,3T3-Jurkat-1to1-mixture
SCIFI_RT384_plate2,B03,A,GTGAAGTGGAC,A,AGTGAAGTGGACA,PBMCs,1%-formaldehyde,1,TritonX100,PBMC-Tcell
SCIFI_RT384_plate2,B04,A,TAATAATTACA,A,ATAATAATTACAA,PBMCs,4%-formaldehyde,1,TritonX100,PBMC-Tcell
SCIFI_RT384_plate2,B05,A,GCTGTAACGTG,A,AGCTGTAACGTGA,Tcells,1%-formaldehyde,1,TritonX100,PBMC-Tcell
SCIFI_RT384_plate2,B06,A,AAAAGCTGCGT,A,AAAAAGCTGCGTA,Tcells,4%-formaldehyde,1,TritonX100,PBMC-Tcell
SCIFI_RT384_plate2,B07,A,CGCGCAAACAG,A,ACGCGCAAACAGA,PBMCs,1%-formaldehyde,0,TritonX100,PBMC-Tcell
SCIFI_RT384_plate2,B08,A,TAATTTTCCCC,A,ATAATTTTCCCCA,PBMCs,4%-formaldehyde,0,TritonX100,PBMC-Tcell
SCIFI_RT384_plate2,B09,A,GGATACTGGTT,A,AGGATACTGGTTA,Tcells,1%-formaldehyde,0,TritonX100,PBMC-Tcell
SCIFI_RT384_plate2,B10,A,AGGGGGAAGCG,A,AAGGGGGAAGCGA,Tcells,4%-formaldehyde,0,TritonX100,PBMC-Tcell
SCIFI_RT384_plate2,B11,A,CAACGCCAAAA,A,ACAACGCCAAAAA,3T3-Jurkat-1to1-mixture,not-fixed,0,TritonX100,3T3-Jurkat-1to1-mixture
SCIFI_RT384_plate2,B12,A,ACGAAGCCTGT,A,AACGAAGCCTGTA,PBMCs,not-fixed,0,TritonX100,PBMC-Tcell
SCIFI_RT384_plate2,C01,T,TACGTTGCCAG,A,TTACGTTGCCAGA,3T3-Jurkat-1to1-mixture,1%-formaldehyde,1,TritonX100,3T3-Jurkat-1to1-mixture
SCIFI_RT384_plate2,C02,T,AATTAACTTAT,A,TAATTAACTTATA,3T3-Jurkat-1to1-mixture,4%-formaldehyde,1,TritonX100,3T3-Jurkat-1to1-mixture
SCIFI_RT384_plate2,C03,T,CTCGGTATGGG,A,TCTCGGTATGGGA,PBMCs,1%-formaldehyde,1,TritonX100,PBMC-Tcell
SCIFI_RT384_plate2,C04,T,TCGTGTGAATT,A,TTCGTGTGAATTA,PBMCs,4%-formaldehyde,1,TritonX100,PBMC-Tcell
SCIFI_RT384_plate2,C05,T,ATAATTAGTTC,A,TATAATTAGTTCA,Tcells,1%-formaldehyde,1,TritonX100,PBMC-Tcell
SCIFI_RT384_plate2,C06,T,GGCTAATTCCT,A,TGGCTAATTCCTA,Tcells,4%-formaldehyde,1,TritonX100,PBMC-Tcell
SCIFI_RT384_plate2,C07,T,AGAAGGTCGTG,A,TAGAAGGTCGTGA,PBMCs,1%-formaldehyde,0,TritonX100,PBMC-Tcell
SCIFI_RT384_plate2,C08,T,CGTGAGGGGGT,A,TCGTGAGGGGGTA,PBMCs,4%-formaldehyde,0,TritonX100,PBMC-Tcell
SCIFI_RT384_plate2,C09,T,TAGGCTAAAGG,C,TTAGGCTAAAGGC,Tcells,1%-formaldehyde,0,TritonX100,PBMC-Tcell
SCIFI_RT384_plate2,C10,T,GAAGTGGCTTC,C,TGAAGTGGCTTCC,Tcells,4%-formaldehyde,0,TritonX100,PBMC-Tcell
SCIFI_RT384_plate2,C11,T,ATCGCATAGCG,C,TATCGCATAGCGC,3T3-Jurkat-1to1-mixture,not-fixed,0,TritonX100,3T3-Jurkat-1to1-mixture
SCIFI_RT384_plate2,C12,T,CTCCTAAGCTC,C,TCTCCTAAGCTCC,PBMCs,not-fixed,0,TritonX100,PBMC-Tcell
SCIFI_RT384_plate2,D01,T,AAATCATGATT,C,TAAATCATGATTC,3T3-Jurkat-1to1-mixture,1%-formaldehyde,1,TritonX100,3T3-Jurkat-1to1-mixture
SCIFI_RT384_plate2,D02,T,CGCATACGGAA,C,TCGCATACGGAAC,3T3-Jurkat-1to1-mixture,4%-formaldehyde,1,TritonX100,3T3-Jurkat-1to1-mixture
SCIFI_RT384_plate2,D03,T,TGCAGCCACAG,C,TTGCAGCCACAGC,PBMCs,1%-formaldehyde,1,TritonX100,PBMC-Tcell
SCIFI_RT384_plate2,D04,T,ACCTGGTGCTT,C,TACCTGGTGCTTC,PBMCs,4%-formaldehyde,1,TritonX100,PBMC-Tcell
SCIFI_RT384_plate2,D05,T,GTTTTCATAAG,C,TGTTTTCATAAGC,Tcells,1%-formaldehyde,1,TritonX100,PBMC-Tcell
SCIFI_RT384_plate2,D06,T,AAACTGAGATG,C,TAAACTGAGATGC,Tcells,4%-formaldehyde,1,TritonX100,PBMC-Tcell
SCIFI_RT384_plate2,D07,T,CAGTGCGCTGT,C,TCAGTGCGCTGTC,PBMCs,1%-formaldehyde,0,TritonX100,PBMC-Tcell
SCIFI_RT384_plate2,D08,T,TGAGTGGGCCA,C,TTGAGTGGGCCAC,PBMCs,4%-formaldehyde,0,TritonX100,PBMC-Tcell
SCIFI_RT384_plate2,D09,T,ATTCTCTCAAC,C,TATTCTCTCAACC,Tcells,1%-formaldehyde,0,TritonX100,PBMC-Tcell
SCIFI_RT384_plate2,D10,T,CCTCCTTTACG,C,TCCTCCTTTACGC,Tcells,4%-formaldehyde,0,TritonX100,PBMC-Tcell
SCIFI_RT384_plate2,D11,T,AGAGAACTTTA,C,TAGAGAACTTTAC,3T3-Jurkat-1to1-mixture,not-fixed,0,TritonX100,3T3-Jurkat-1to1-mixture
SCIFI_RT384_plate2,D12,T,TACTACCAGGT,C,TTACTACCAGGTC,PBMCs,not-fixed,0,TritonX100,PBMC-Tcell
SCIFI_RT384_plate2,E01,C,ATTGCTACATC,C,CATTGCTACATCC,3T3-Jurkat-1to1-mixture,1%-formaldehyde,1,TritonX100,3T3-Jurkat-1to1-mixture
SCIFI_RT384_plate2,E02,C,GGAGTCACACG,C,CGGAGTCACACGC,3T3-Jurkat-1to1-mixture,4%-formaldehyde,1,TritonX100,3T3-Jurkat-1to1-mixture
SCIFI_RT384_plate2,E03,C,CGGTGGAGCTC,C,CCGGTGGAGCTCC,PBMCs,1%-formaldehyde,1,TritonX100,PBMC-Tcell
SCIFI_RT384_plate2,E04,C,TTCGGCCCAAT,C,CTTCGGCCCAATC,PBMCs,4%-formaldehyde,1,TritonX100,PBMC-Tcell
SCIFI_RT384_plate2,E05,C,ACGAGACACCC,C,CACGAGACACCCC,Tcells,1%-formaldehyde,1,TritonX100,PBMC-Tcell
SCIFI_RT384_plate2,E06,C,GTCTAGACAAA,C,CGTCTAGACAAAC,Tcells,4%-formaldehyde,1,TritonX100,PBMC-Tcell
SCIFI_RT384_plate2,E07,C,ACCGTACGTTG,C,CACCGTACGTTGC,PBMCs,1%-formaldehyde,0,TritonX100,PBMC-Tcell
SCIFI_RT384_plate2,E08,C,CTAACCCTCTC,C,CCTAACCCTCTCC,PBMCs,4%-formaldehyde,0,TritonX100,PBMC-Tcell
SCIFI_RT384_plate2,E09,C,TAGATTTAACT,C,CTAGATTTAACTC,Tcells,1%-formaldehyde,0,TritonX100,PBMC-Tcell
SCIFI_RT384_plate2,E10,C,AGATTAGAGTA,C,CAGATTAGAGTAC,Tcells,4%-formaldehyde,0,TritonX100,PBMC-Tcell
SCIFI_RT384_plate2,E11,C,GGGACGTTTTC,C,CGGGACGTTTTCC,3T3-Jurkat-1to1-mixture,not-fixed,0,TritonX100,3T3-Jurkat-1to1-mixture
SCIFI_RT384_plate2,E12,C,TATACCAAGAA,C,CTATACCAAGAAC,PBMCs,not-fixed,0,TritonX100,PBMC-Tcell
SCIFI_RT384_plate2,F01,C,CGGCGAGCCAG,C,CCGGCGAGCCAGC,3T3-Jurkat-1to1-mixture,1%-formaldehyde,1,TritonX100,3T3-Jurkat-1to1-mixture
SCIFI_RT384_plate2,F02,C,ATTTGAAAACG,C,CATTTGAAAACGC,3T3-Jurkat-1to1-mixture,4%-formaldehyde,1,TritonX100,3T3-Jurkat-1to1-mixture
SCIFI_RT384_plate2,F03,C,CCCTTTCTGGA,C,CCCCTTTCTGGAC,PBMCs,1%-formaldehyde,1,TritonX100,PBMC-Tcell
SCIFI_RT384_plate2,F04,C,TGACTGCAGCG,C,CTGACTGCAGCGC,PBMCs,4%-formaldehyde,1,TritonX100,PBMC-Tcell
SCIFI_RT384_plate2,F05,C,ACGATCAAGTT,G,CACGATCAAGTTG,Tcells,1%-formaldehyde,1,TritonX100,PBMC-Tcell
SCIFI_RT384_plate2,F06,C,GAAATGCTGAC,G,CGAAATGCTGACG,Tcells,4%-formaldehyde,1,TritonX100,PBMC-Tcell
SCIFI_RT384_plate2,F07,C,GCTACCTGAAG,G,CGCTACCTGAAGG,PBMCs,1%-formaldehyde,0,TritonX100,PBMC-Tcell
SCIFI_RT384_plate2,F08,C,AGGAACTACAC,G,CAGGAACTACACG,PBMCs,4%-formaldehyde,0,TritonX100,PBMC-Tcell
SCIFI_RT384_plate2,F09,C,TCGGCCGGTCA,G,CTCGGCCGGTCAG,Tcells,1%-formaldehyde,0,TritonX100,PBMC-Tcell
SCIFI_RT384_plate2,F10,C,TTTTCCAGCGT,G,CTTTTCCAGCGTG,Tcells,4%-formaldehyde,0,TritonX100,PBMC-Tcell
SCIFI_RT384_plate2,F11,C,AATCGTAGCCG,G,CAATCGTAGCCGG,3T3-Jurkat-1to1-mixture,not-fixed,0,TritonX100,3T3-Jurkat-1to1-mixture
SCIFI_RT384_plate2,F12,C,GTAAACTACGA,G,CGTAAACTACGAG,PBMCs,not-fixed,0,TritonX100,PBMC-Tcell
SCIFI_RT384_plate2,G01,G,ACGAGTATCTG,G,GACGAGTATCTGG,3T3-Jurkat-1to1-mixture,1%-formaldehyde,1,TritonX100,3T3-Jurkat-1to1-mixture
SCIFI_RT384_plate2,G02,G,CAAAGGGTGGT,G,GCAAAGGGTGGTG,3T3-Jurkat-1to1-mixture,4%-formaldehyde,1,TritonX100,3T3-Jurkat-1to1-mixture
SCIFI_RT384_plate2,G03,G,TAGGTGAGAAA,G,GTAGGTGAGAAAG,PBMCs,1%-formaldehyde,1,TritonX100,PBMC-Tcell
SCIFI_RT384_plate2,G04,G,AGCGGATTAGT,G,GAGCGGATTAGTG,PBMCs,4%-formaldehyde,1,TritonX100,PBMC-Tcell
SCIFI_RT384_plate2,G05,G,GTTTGTATGTC,G,GGTTTGTATGTCG,Tcells,1%-formaldehyde,1,TritonX100,PBMC-Tcell
SCIFI_RT384_plate2,G06,G,AACACATCTGA,G,GAACACATCTGAG,Tcells,4%-formaldehyde,1,TritonX100,PBMC-Tcell
SCIFI_RT384_plate2,G07,G,CTACCAATGAC,G,GCTACCAATGACG,PBMCs,1%-formaldehyde,0,TritonX100,PBMC-Tcell
SCIFI_RT384_plate2,G08,G,TGAGGGCTCGG,G,GTGAGGGCTCGGG,PBMCs,4%-formaldehyde,0,TritonX100,PBMC-Tcell
SCIFI_RT384_plate2,G09,G,AAATGTGTCGC,G,GAAATGTGTCGCG,Tcells,1%-formaldehyde,0,TritonX100,PBMC-Tcell
SCIFI_RT384_plate2,G10,G,GCCCACACCGG,G,GGCCCACACCGGG,Tcells,4%-formaldehyde,0,TritonX100,PBMC-Tcell
SCIFI_RT384_plate2,G11,G,CCGGTAGCTCC,G,GCCGGTAGCTCCG,3T3-Jurkat-1to1-mixture,not-fixed,0,TritonX100,3T3-Jurkat-1to1-mixture
SCIFI_RT384_plate2,G12,G,AAGAATTATGG,G,GAAGAATTATGGG,PBMCs,not-fixed,0,TritonX100,PBMC-Tcell
SCIFI_RT384_plate2,H01,G,TCTCGTCATAT,G,GTCTCGTCATATG,Tcells,not-fixed,0,TritonX100,PBMC-Tcell
SCIFI_RT384_plate2,H02,G,GACTTTTGGTC,G,GGACTTTTGGTCG,Tcells,not-fixed,0,TritonX100,PBMC-Tcell
SCIFI_RT384_plate2,H03,G,ATTTCGTTCCA,G,GATTTCGTTCCAG,Tcells,not-fixed,0,TritonX100,PBMC-Tcell
SCIFI_RT384_plate2,H04,G,TCCCGGAGCCA,G,GTCCCGGAGCCAG,Tcells,not-fixed,0,TritonX100,PBMC-Tcell
SCIFI_RT384_plate2,H05,G,GGGGGCCGGAC,G,GGGGGGCCGGACG,Tcells,not-fixed,0,TritonX100,PBMC-Tcell
SCIFI_RT384_plate2,H06,G,ACTACGTTTGG,G,GACTACGTTTGGG,Tcells,not-fixed,0,TritonX100,PBMC-Tcell
SCIFI_RT384_plate2,H07,G,CTTTAATCTAA,G,GCTTTAATCTAAG,Tcells,not-fixed,0,TritonX100,PBMC-Tcell
SCIFI_RT384_plate2,H08,G,AGGCAAAAATC,G,GAGGCAAAAATCG,H2O,N/A,N/A,TritonX100,PBMC-Tcell
SCIFI_RT384_plate2,H09,G,TTTGATTCTCG,G,GTTTGATTCTCGG,H2O,N/A,N/A,TritonX100,PBMC-Tcell
SCIFI_RT384_plate2,H10,G,AGGGACATCGA,G,GAGGGACATCGAG,H2O,N/A,N/A,TritonX100,PBMC-Tcell
SCIFI_RT384_plate2,H11,G,GATCCTTACCC,G,GGATCCTTACCCG,H2O,N/A,N/A,TritonX100,PBMC-Tcell
SCIFI_RT384_plate2,H12,G,CGATCCTCGCG,G,GCGATCCTCGCGG,H2O,N/A,N/A,TritonX100,PBMC-Tcell
