sample_name,combinatorial_barcode,plate_well,donor_id,donor_sex
PD194-2_PBMCs_765k_P7_A01,AAGTGATTAGCAA,A01,1B,Male
PD194-2_PBMCs_765k_P7_A03,AGAATCCCCCTAA,A03,1B,Male
PD194-2_PBMCs_765k_P7_A05,ACCTGGGAAACTA,A05,1B,Male
PD194-2_PBMCs_765k_P7_A07,ATACCTCCCAGGA,A07,1B,Male
PD194-2_PBMCs_765k_P7_A09,AATTTGTGGTATA,A09,1B,Male
PD194-2_PBMCs_765k_P7_A11,ACCCGAGAGATCA,A11,1B,Male
PD194-2_PBMCs_765k_P7_A13,AGAGTATAGGGTA,A13,1B,Male
PD194-2_PBMCs_765k_P7_A15,ATCTTAATTGAGA,A15,1B,Male
PD194-2_PBMCs_765k_P7_A17,AACGTTCTGTCGA,A17,1B,Male
PD194-2_PBMCs_765k_P7_A19,ACATAATGGCGAA,A19,1B,Male
PD194-2_PBMCs_765k_P7_A21,AGGCCGGAACATA,A21,1B,Male
PD194-2_PBMCs_765k_P7_A23,ATCACTTCAAGAA,A23,1B,Male
PD194-2_PBMCs_765k_P7_B01,AAGCTGGCCTTCA,B01,1B,Male
PD194-2_PBMCs_765k_P7_B03,ACTGCACATTGGA,B03,1B,Male
PD194-2_PBMCs_765k_P7_B05,AGGTCCTTCGATA,B05,1B,Male
PD194-2_PBMCs_765k_P7_B07,ATTCGCACCCGAA,B07,1B,Male
PD194-2_PBMCs_765k_P7_B09,ACCGTAAATTACA,B09,1B,Male
PD194-2_PBMCs_765k_P7_B11,AGTAGTCGATATA,B11,1B,Male
PD194-2_PBMCs_765k_P7_B13,ATGTAAGAATCAA,B13,1B,Male
PD194-2_PBMCs_765k_P7_B15,AAGGCCCGCCGTA,B15,1B,Male
PD194-2_PBMCs_765k_P7_B17,ACTCCACGCAAGA,B17,1B,Male
PD194-2_PBMCs_765k_P7_B19,AGTCTTTGATTAA,B19,1B,Male
PD194-2_PBMCs_765k_P7_B21,ATAGAGCCCGCCA,B21,1B,Male
PD194-2_PBMCs_765k_P7_B23,AAGAAATGGAGGA,B23,1B,Male
PD194-2_PBMCs_765k_P7_C01,TCAGCGCTGGTTA,C01,1B,Male
PD194-2_PBMCs_765k_P7_C03,TGTTGACGAATAA,C03,1B,Male
PD194-2_PBMCs_765k_P7_C05,TTGCATCAGCGCA,C05,1B,Male
PD194-2_PBMCs_765k_P7_C07,TAGCCATATGAGA,C07,1B,Male
PD194-2_PBMCs_765k_P7_C09,TCCTGCCCCTGTA,C09,1B,Male
PD194-2_PBMCs_765k_P7_C11,TGGTATAAAACCA,C11,1B,Male
PD194-2_PBMCs_765k_P7_C13,TTAAAGTCATGCA,C13,1B,Male
PD194-2_PBMCs_765k_P7_C15,TAGAACTCAGAAA,C15,1B,Male
PD194-2_PBMCs_765k_P7_C17,TCAGCTTAATCGC,C17,1B,Male
PD194-2_PBMCs_765k_P7_C19,TGGCTTAAGAGAC,C19,1B,Male
PD194-2_PBMCs_765k_P7_C21,TTCACCTGTCGGC,C21,1B,Male
PD194-2_PBMCs_765k_P7_C23,TATAGTGATACTC,C23,1B,Male
PD194-2_PBMCs_765k_P7_D01,TCATCAGCGAACC,D01,1B,Male
PD194-2_PBMCs_765k_P7_D03,TGCGCCATGGGAC,D03,1B,Male
PD194-2_PBMCs_765k_P7_D05,TTGTTGAACTCCC,D05,1B,Male
PD194-2_PBMCs_765k_P7_D07,TATATACGCAGTC,D07,1B,Male
PD194-2_PBMCs_765k_P7_D09,TCGCACGACGTAC,D09,1B,Male
PD194-2_PBMCs_765k_P7_D11,TGGGACAGAAGGC,D11,1B,Male
PD194-2_PBMCs_765k_P7_D13,TTTAACAAGTATC,D13,1B,Male
PD194-2_PBMCs_765k_P7_D15,TACTCCTGGGTAC,D15,1B,Male
PD194-2_PBMCs_765k_P7_D17,TCAGAAAACCCCC,D17,1B,Male
PD194-2_PBMCs_765k_P7_D19,TGCACGAGCAGTC,D19,1B,Male
PD194-2_PBMCs_765k_P7_D21,TTATTATGCTTCC,D21,1B,Male
PD194-2_PBMCs_765k_P7_D23,TAGCGACTGTATC,D23,1B,Male
PD194-2_PBMCs_765k_P7_E01,CCCTTGCGACAGC,E01,1B,Male
PD194-2_PBMCs_765k_P7_E03,CGTTAGATTGCAC,E03,1B,Male
PD194-2_PBMCs_765k_P7_E05,CTAAATACCATCC,E05,1B,Male
PD194-2_PBMCs_765k_P7_E07,CATATTTTTTAGC,E07,1B,Male
PD194-2_PBMCs_765k_P7_E09,CCCCTAAACGCTC,E09,1B,Male
PD194-2_PBMCs_765k_P7_E11,CGATTGTTAGGAC,E11,1B,Male
PD194-2_PBMCs_765k_P7_E13,CTACCGAGTCTCC,E13,1B,Male
PD194-2_PBMCs_765k_P7_E15,CAGAACAAATTGC,E15,1B,Male
PD194-2_PBMCs_765k_P7_E17,CCTTGATCTCATC,E17,1B,Male
PD194-2_PBMCs_765k_P7_E19,CGCCACGCGTTAC,E19,1B,Male
PD194-2_PBMCs_765k_P7_E21,CTATAGATACGGC,E21,1B,Male
PD194-2_PBMCs_765k_P7_E23,CATACCCAGCCAC,E23,1B,Male
PD194-2_PBMCs_765k_P7_F01,CCCCGGATGTACC,F01,1B,Male
PD194-2_PBMCs_765k_P7_F03,CGATCTCGGCTTC,F03,1B,Male
PD194-2_PBMCs_765k_P7_F05,CTAGCCGCTTTGC,F05,1B,Male
PD194-2_PBMCs_765k_P7_F07,CCTAAATACAGCC,F07,1B,Male
PD194-2_PBMCs_765k_P7_F09,CGGGTTTTACCAG,F09,1B,Male
PD194-2_PBMCs_765k_P7_F11,CATATCCATTGCG,F11,1B,Male
PD194-2_PBMCs_765k_P7_F13,CCTCCCGAGAGTG,F13,1B,Male
PD194-2_PBMCs_765k_P7_F15,CGAATATCTCCGG,F15,1B,Male
PD194-2_PBMCs_765k_P7_F17,CTACTAACCCACG,F17,1B,Male
PD194-2_PBMCs_765k_P7_F19,CAAATGATACAAG,F19,1B,Male
PD194-2_PBMCs_765k_P7_F21,CCCCCATTATTTG,F21,1B,Male
PD194-2_PBMCs_765k_P7_F23,CGAGTCGCGACGG,F23,1B,Male
PD194-2_PBMCs_765k_P7_G01,GTGGTTGTGGCCG,G01,5B,Female
PD194-2_PBMCs_765k_P7_G03,GATTCAAGGAAAG,G03,5B,Female
PD194-2_PBMCs_765k_P7_G05,GCCAAGATCTGGG,G05,5B,Female
PD194-2_PBMCs_765k_P7_G07,GATACTGTATCAG,G07,5B,Female
PD194-2_PBMCs_765k_P7_G09,GCCGATTCGTGCG,G09,5B,Female
PD194-2_PBMCs_765k_P7_G11,GTGACAACGCTGG,G11,5B,Female
PD194-2_PBMCs_765k_P7_G13,GGGCTGTCTTATG,G13,5B,Female
PD194-2_PBMCs_765k_P7_G15,GACCCTGGCCTGG,G15,5B,Female
PD194-2_PBMCs_765k_P7_G17,GCGTACGCTTATG,G17,5B,Female
PD194-2_PBMCs_765k_P7_G19,GTTGCACTTAATG,G19,5B,Female
PD194-2_PBMCs_765k_P7_G21,GGACAAAGAGAAG,G21,5B,Female
PD194-2_PBMCs_765k_P7_G23,GAACCACAGCACG,G23,5B,Female
PD194-2_PBMCs_765k_P7_H01,GCTTATCTAGAGG,H01,5B,Female
PD194-2_PBMCs_765k_P7_H03,GTAATGTGGTCAG,H03,5B,Female
PD194-2_PBMCs_765k_P7_H05,GGCGCGCGAGCTG,H05,5B,Female
PD194-2_PBMCs_765k_P7_H07,GTCCATGTGTGTG,H07,5B,Female
PD194-2_PBMCs_765k_P7_H09,GGGAGGAATCCAG,H09,5B,Female
PD194-2_PBMCs_765k_P7_H11,GATCAAAATAGGG,H11,5B,Female
PD194-2_PBMCs_765k_P7_H13,GCAAGACTGCCAG,H13,5B,Female
PD194-2_PBMCs_765k_P7_H15,GTAGGATGGACCG,H15,5B,Female
PD194-2_PBMCs_765k_P7_H17,GGATCGGACCTAG,H17,5B,Female
PD194-2_PBMCs_765k_P7_H19,GCCCAAAGGAATG,H19,5B,Female
PD194-2_PBMCs_765k_P7_H21,GTACCTAACGCAG,H21,5B,Female
PD194-2_PBMCs_765k_P7_H23,GGTCAGGTTCAGG,H23,5B,Female
PD194-2_PBMCs_765k_P7_A02,AACCTCCAACCCA,A02,77,Male
PD194-2_PBMCs_765k_P7_A04,ACGTTTCAGCCAA,A04,77,Male
PD194-2_PBMCs_765k_P7_A06,ATAAGGTTAGATA,A06,77,Male
PD194-2_PBMCs_765k_P7_A08,AATATACCAGACA,A08,77,Male
PD194-2_PBMCs_765k_P7_A10,AGGAGAGACTGTA,A10,77,Male
PD194-2_PBMCs_765k_P7_A12,ACTCATCTTAGCA,A12,77,Male
PD194-2_PBMCs_765k_P7_A14,AAATTTGGCCGTA,A14,77,Male
PD194-2_PBMCs_765k_P7_A16,ATTAAGGAAGTAA,A16,77,Male
PD194-2_PBMCs_765k_P7_A18,AACCGATCCAGAA,A18,77,Male
PD194-2_PBMCs_765k_P7_A20,ACAACGGGACTGA,A20,77,Male
PD194-2_PBMCs_765k_P7_A22,ATCCAGTACAACA,A22,77,Male
PD194-2_PBMCs_765k_P7_A24,AGAGGACGATGCA,A24,77,Male
PD194-2_PBMCs_765k_P7_B02,AAAGGGTCGCTTA,B02,77,Male
PD194-2_PBMCs_765k_P7_B04,ACCCATGTAGCAA,B04,77,Male
PD194-2_PBMCs_765k_P7_B06,AGTGAAGTGGACA,B06,77,Male
PD194-2_PBMCs_765k_P7_B08,ATAATAATTACAA,B08,77,Male
PD194-2_PBMCs_765k_P7_B10,AGCTGTAACGTGA,B10,77,Male
PD194-2_PBMCs_765k_P7_B12,AAAAAGCTGCGTA,B12,77,Male
PD194-2_PBMCs_765k_P7_B14,ACGCGCAAACAGA,B14,77,Male
PD194-2_PBMCs_765k_P7_B16,ATAATTTTCCCCA,B16,77,Male
PD194-2_PBMCs_765k_P7_B18,AGGATACTGGTTA,B18,77,Male
PD194-2_PBMCs_765k_P7_B20,AAGGGGGAAGCGA,B20,77,Male
PD194-2_PBMCs_765k_P7_B22,ACAACGCCAAAAA,B22,77,Male
PD194-2_PBMCs_765k_P7_B24,AACGAAGCCTGTA,B24,77,Male
PD194-2_PBMCs_765k_P7_C02,TTACGTTGCCAGA,C02,77,Male
PD194-2_PBMCs_765k_P7_C04,TAATTAACTTATA,C04,77,Male
PD194-2_PBMCs_765k_P7_C06,TCTCGGTATGGGA,C06,77,Male
PD194-2_PBMCs_765k_P7_C08,TTCGTGTGAATTA,C08,77,Male
PD194-2_PBMCs_765k_P7_C10,TATAATTAGTTCA,C10,77,Male
PD194-2_PBMCs_765k_P7_C12,TGGCTAATTCCTA,C12,77,Male
PD194-2_PBMCs_765k_P7_C14,TAGAAGGTCGTGA,C14,77,Male
PD194-2_PBMCs_765k_P7_C16,TCGTGAGGGGGTA,C16,77,Male
PD194-2_PBMCs_765k_P7_C18,TTAGGCTAAAGGC,C18,77,Male
PD194-2_PBMCs_765k_P7_C20,TGAAGTGGCTTCC,C20,77,Male
PD194-2_PBMCs_765k_P7_C22,TATCGCATAGCGC,C22,77,Male
PD194-2_PBMCs_765k_P7_C24,TCTCCTAAGCTCC,C24,77,Male
PD194-2_PBMCs_765k_P7_D02,TAAATCATGATTC,D02,2U,Female
PD194-2_PBMCs_765k_P7_D04,TCGCATACGGAAC,D04,2U,Female
PD194-2_PBMCs_765k_P7_D06,TTGCAGCCACAGC,D06,2U,Female
PD194-2_PBMCs_765k_P7_D08,TACCTGGTGCTTC,D08,2U,Female
PD194-2_PBMCs_765k_P7_D10,TGTTTTCATAAGC,D10,2U,Female
PD194-2_PBMCs_765k_P7_D12,TAAACTGAGATGC,D12,2U,Female
PD194-2_PBMCs_765k_P7_D14,TCAGTGCGCTGTC,D14,2U,Female
PD194-2_PBMCs_765k_P7_D16,TTGAGTGGGCCAC,D16,2U,Female
PD194-2_PBMCs_765k_P7_D18,TATTCTCTCAACC,D18,2U,Female
PD194-2_PBMCs_765k_P7_D20,TCCTCCTTTACGC,D20,2U,Female
PD194-2_PBMCs_765k_P7_D22,TAGAGAACTTTAC,D22,2U,Female
PD194-2_PBMCs_765k_P7_D24,TTACTACCAGGTC,D24,2U,Female
PD194-2_PBMCs_765k_P7_E02,CATTGCTACATCC,E02,2U,Female
PD194-2_PBMCs_765k_P7_E04,CGGAGTCACACGC,E04,2U,Female
PD194-2_PBMCs_765k_P7_E06,CCGGTGGAGCTCC,E06,2U,Female
PD194-2_PBMCs_765k_P7_E08,CTTCGGCCCAATC,E08,2U,Female
PD194-2_PBMCs_765k_P7_E10,CACGAGACACCCC,E10,2U,Female
PD194-2_PBMCs_765k_P7_E12,CGTCTAGACAAAC,E12,2U,Female
PD194-2_PBMCs_765k_P7_E14,CACCGTACGTTGC,E14,2U,Female
PD194-2_PBMCs_765k_P7_E16,CCTAACCCTCTCC,E16,2U,Female
PD194-2_PBMCs_765k_P7_E18,CTAGATTTAACTC,E18,2U,Female
PD194-2_PBMCs_765k_P7_E20,CAGATTAGAGTAC,E20,2U,Female
PD194-2_PBMCs_765k_P7_E22,CGGGACGTTTTCC,E22,2U,Female
PD194-2_PBMCs_765k_P7_E24,CTATACCAAGAAC,E24,2U,Female
PD194-2_PBMCs_765k_P7_F02,CCGGCGAGCCAGC,F02,2U,Female
PD194-2_PBMCs_765k_P7_F04,CATTTGAAAACGC,F04,2U,Female
PD194-2_PBMCs_765k_P7_F06,CCCCTTTCTGGAC,F06,2U,Female
PD194-2_PBMCs_765k_P7_F08,CTGACTGCAGCGC,F08,2U,Female
PD194-2_PBMCs_765k_P7_F10,CACGATCAAGTTG,F10,2U,Female
PD194-2_PBMCs_765k_P7_F12,CGAAATGCTGACG,F12,2U,Female
PD194-2_PBMCs_765k_P7_F14,CGCTACCTGAAGG,F14,2U,Female
PD194-2_PBMCs_765k_P7_F16,CAGGAACTACACG,F16,2U,Female
PD194-2_PBMCs_765k_P7_F18,CTCGGCCGGTCAG,F18,2U,Female
PD194-2_PBMCs_765k_P7_F20,CTTTTCCAGCGTG,F20,2U,Female
PD194-2_PBMCs_765k_P7_F22,CAATCGTAGCCGG,F22,2U,Female
PD194-2_PBMCs_765k_P7_F24,CGTAAACTACGAG,F24,2U,Female
PD194-2_PBMCs_765k_P7_G02,GACGAGTATCTGG,G02,2U,Female
PD194-2_PBMCs_765k_P7_G04,GCAAAGGGTGGTG,G04,2U,Female
PD194-2_PBMCs_765k_P7_G06,GTAGGTGAGAAAG,G06,2U,Female
PD194-2_PBMCs_765k_P7_G08,GAGCGGATTAGTG,G08,2U,Female
PD194-2_PBMCs_765k_P7_G10,GGTTTGTATGTCG,G10,2U,Female
PD194-2_PBMCs_765k_P7_G12,GAACACATCTGAG,G12,2U,Female
PD194-2_PBMCs_765k_P7_G14,GCTACCAATGACG,G14,2U,Female
PD194-2_PBMCs_765k_P7_G16,GTGAGGGCTCGGG,G16,2U,Female
PD194-2_PBMCs_765k_P7_G18,GAAATGTGTCGCG,G18,2U,Female
PD194-2_PBMCs_765k_P7_G20,GGCCCACACCGGG,G20,2U,Female
PD194-2_PBMCs_765k_P7_G22,GCCGGTAGCTCCG,G22,2U,Female
PD194-2_PBMCs_765k_P7_G24,GAAGAATTATGGG,G24,2U,Female
PD194-2_PBMCs_765k_P7_H02,GTCTCGTCATATG,H02,2U,Female
PD194-2_PBMCs_765k_P7_H04,GGACTTTTGGTCG,H04,2U,Female
PD194-2_PBMCs_765k_P7_H06,GATTTCGTTCCAG,H06,2U,Female
PD194-2_PBMCs_765k_P7_H08,GTCCCGGAGCCAG,H08,2U,Female
PD194-2_PBMCs_765k_P7_H10,GGGGGGCCGGACG,H10,2U,Female
PD194-2_PBMCs_765k_P7_H12,GACTACGTTTGGG,H12,2U,Female
PD194-2_PBMCs_765k_P7_H14,GCTTTAATCTAAG,H14,2U,Female
PD194-2_PBMCs_765k_P7_H16,GAGGCAAAAATCG,H16,2U,Female
PD194-2_PBMCs_765k_P7_H18,GTTTGATTCTCGG,H18,2U,Female
PD194-2_PBMCs_765k_P7_H20,GAGGGACATCGAG,H20,2U,Female
PD194-2_PBMCs_765k_P7_H22,GGATCCTTACCCG,H22,2U,Female
PD194-2_PBMCs_765k_P7_H24,GCGATCCTCGCGG,H24,2U,Female
PD194-2_PBMCs_765k_P7_I01,ATATTGGCACTTA,I01,5B,Female
PD194-2_PBMCs_765k_P7_I03,AAAAGAATCGCCA,I03,5B,Female
PD194-2_PBMCs_765k_P7_I05,AGGAAGCCCATTA,I05,5B,Female
PD194-2_PBMCs_765k_P7_I07,ACCCCTTCGCAGA,I07,5B,Female
PD194-2_PBMCs_765k_P7_I09,ATGTCTATTCACA,I09,5B,Female
PD194-2_PBMCs_765k_P7_I11,AGAACGCTTTGAA,I11,5B,Female
PD194-2_PBMCs_765k_P7_I13,AAGGGACCCACCA,I13,5B,Female
PD194-2_PBMCs_765k_P7_I15,ACACATCGTTTTA,I15,5B,Female
PD194-2_PBMCs_765k_P7_I17,AATGGTTCTCCGA,I17,5B,Female
PD194-2_PBMCs_765k_P7_I19,ATGCCGCTGAAAA,I19,5B,Female
PD194-2_PBMCs_765k_P7_I21,AAACACTCTAGTA,I21,5B,Female
PD194-2_PBMCs_765k_P7_I23,ATCCTCGGGGTCA,I23,5B,Female
PD194-2_PBMCs_765k_P7_J01,AAGAATCGCTAGA,J01,5B,Female
PD194-2_PBMCs_765k_P7_J03,AGAAGTCAGGTAA,J03,5B,Female
PD194-2_PBMCs_765k_P7_J05,ACGCGGCTCATCA,J05,5B,Female
PD194-2_PBMCs_765k_P7_J07,AAACCCAAATATA,J07,5B,Female
PD194-2_PBMCs_765k_P7_J09,ATCTCAGAACTGA,J09,5B,Female
PD194-2_PBMCs_765k_P7_J11,AGCAATTAGGAGA,J11,5B,Female
PD194-2_PBMCs_765k_P7_J13,AAGTAAACGCGTA,J13,5B,Female
PD194-2_PBMCs_765k_P7_J15,ACATACAGCATGA,J15,5B,Female
PD194-2_PBMCs_765k_P7_J17,AACGCAGAGAGAA,J17,5B,Female
PD194-2_PBMCs_765k_P7_J19,ATGACGCGATTTA,J19,5B,Female
PD194-2_PBMCs_765k_P7_J21,AAACATTCACCAA,J21,5B,Female
PD194-2_PBMCs_765k_P7_J23,AGGCCTCATATTA,J23,5B,Female
PD194-2_PBMCs_765k_P7_K01,TGACGCTCACTGA,K01,5B,Female
PD194-2_PBMCs_765k_P7_K03,TCCGGGCGGAGCA,K03,5B,Female
PD194-2_PBMCs_765k_P7_K05,TTTCCCGTTTAAA,K05,5B,Female
PD194-2_PBMCs_765k_P7_K07,TGTAACTGAGTGA,K07,5B,Female
PD194-2_PBMCs_765k_P7_K09,TAACCTATGCCTA,K09,5B,Female
PD194-2_PBMCs_765k_P7_K11,TCCAAAGAACATA,K11,5B,Female
PD194-2_PBMCs_765k_P7_K13,TTCTCGGGTGACA,K13,5B,Female
PD194-2_PBMCs_765k_P7_K15,TGGTGTTGTTTTA,K15,5B,Female
PD194-2_PBMCs_765k_P7_K17,TAACCCGTAGTAC,K17,5B,Female
PD194-2_PBMCs_765k_P7_K19,TCTGCCTACTAAC,K19,5B,Female
PD194-2_PBMCs_765k_P7_K21,TTCAGTATTTATC,K21,5B,Female
PD194-2_PBMCs_765k_P7_K23,TGCTAGGGAAAAC,K23,5B,Female
PD194-2_PBMCs_765k_P7_L01,TAGTTACGAGGGC,L01,5B,Female
PD194-2_PBMCs_765k_P7_L03,TCGACCTAGGTTC,L03,5B,Female
PD194-2_PBMCs_765k_P7_L05,TGCCTCGATAGGC,L05,5B,Female
PD194-2_PBMCs_765k_P7_L07,TATTAGTCAAACC,L07,5B,Female
PD194-2_PBMCs_765k_P7_L09,TCTTACTGAACTC,L09,5B,Female
PD194-2_PBMCs_765k_P7_L11,TTCAATTGTGCAC,L11,5B,Female
PD194-2_PBMCs_765k_P7_L13,TGTACATGTCACC,L13,5B,Female
PD194-2_PBMCs_765k_P7_L15,TACGTATCATTAC,L15,5B,Female
PD194-2_PBMCs_765k_P7_L17,TCATGGACTCTGC,L17,5B,Female
PD194-2_PBMCs_765k_P7_L19,TTCATGCTCCATC,L19,5B,Female
PD194-2_PBMCs_765k_P7_L21,TGCTAACTCTGCC,L21,5B,Female
PD194-2_PBMCs_765k_P7_L23,TCCCTACTTCAAC,L23,5B,Female
PD194-2_PBMCs_765k_P7_M01,CAGTACTACGCGC,M01,5B,Female
PD194-2_PBMCs_765k_P7_M03,CTCACCGGCTATC,M03,5B,Female
PD194-2_PBMCs_765k_P7_M05,CACTATTTAATAC,M05,5B,Female
PD194-2_PBMCs_765k_P7_M07,CCGGACTTGCTGC,M07,5B,Female
PD194-2_PBMCs_765k_P7_M09,CTCACATCTTCCC,M09,5B,Female
PD194-2_PBMCs_765k_P7_M11,CGACCACCTGTAC,M11,5B,Female
PD194-2_PBMCs_765k_P7_M13,CATCAATCCCAGC,M13,5B,Female
PD194-2_PBMCs_765k_P7_M15,CCCAAGCAGGCCC,M15,5B,Female
PD194-2_PBMCs_765k_P7_M17,CTGTGCATAGTTC,M17,5B,Female
PD194-2_PBMCs_765k_P7_M19,CAACGCAGTCCAC,M19,5B,Female
PD194-2_PBMCs_765k_P7_M21,CGCGTTGGTAATC,M21,5B,Female
PD194-2_PBMCs_765k_P7_M23,CCTTCAGTAGGAC,M23,5B,Female
PD194-2_PBMCs_765k_P7_N01,CTAGCCTTCTGTC,N01,77,Male
PD194-2_PBMCs_765k_P7_N03,CGTCCCACGAAGC,N03,77,Male
PD194-2_PBMCs_765k_P7_N05,CTAGTTCCTATTC,N05,77,Male
PD194-2_PBMCs_765k_P7_N07,CCCCAACCGGTGC,N07,77,Male
PD194-2_PBMCs_765k_P7_N09,CTCTTAAAGATTG,N09,77,Male
PD194-2_PBMCs_765k_P7_N11,CGGTCTCCTTGCG,N11,77,Male
PD194-2_PBMCs_765k_P7_N13,CAATGAGCAGAGG,N13,77,Male
PD194-2_PBMCs_765k_P7_N15,CCATATTCCCTTG,N15,77,Male
PD194-2_PBMCs_765k_P7_N17,CTGTTACCCGTAG,N17,77,Male
PD194-2_PBMCs_765k_P7_N19,CGATAATTTTCTG,N19,77,Male
PD194-2_PBMCs_765k_P7_N21,CAACCTTGAGGGG,N21,77,Male
PD194-2_PBMCs_765k_P7_N23,CCGATAAAACGCG,N23,77,Male
PD194-2_PBMCs_765k_P7_O01,GCCTAGAGAGTTG,O01,77,Male
PD194-2_PBMCs_765k_P7_O03,GGTCACCATGGAG,O03,77,Male
PD194-2_PBMCs_765k_P7_O05,GCTGTGGCCCCGG,O05,77,Male
PD194-2_PBMCs_765k_P7_O07,GTGGGAGGCGAAG,O07,77,Male
PD194-2_PBMCs_765k_P7_O09,GGCTGCCGTCACG,O09,77,Male
PD194-2_PBMCs_765k_P7_O11,GATCTTCTATGTG,O11,77,Male
PD194-2_PBMCs_765k_P7_O13,GCTACTTGCTCTG,O13,77,Male
PD194-2_PBMCs_765k_P7_O15,GTGGGCCTTTAGG,O15,77,Male
PD194-2_PBMCs_765k_P7_O17,GGATACACCGGCG,O17,77,Male
PD194-2_PBMCs_765k_P7_O19,GTGCGCTCGGATG,O19,77,Male
PD194-2_PBMCs_765k_P7_O21,GCACAGGTCAAAG,O21,77,Male
PD194-2_PBMCs_765k_P7_O23,GTCTGAGTGCCCG,O23,77,Male
PD194-2_PBMCs_765k_P7_P01,GGTTGTGTAGCTG,P01,77,Male
PD194-2_PBMCs_765k_P7_P03,GATGCGGGGCGGG,P03,77,Male
PD194-2_PBMCs_765k_P7_P05,GCCGGTGTAAACG,P05,77,Male
PD194-2_PBMCs_765k_P7_P07,GTGGCAAGTTCGG,P07,77,Male
PD194-2_PBMCs_765k_P7_P09,GGTAGAATGAGTG,P09,77,Male
PD194-2_PBMCs_765k_P7_P11,GCCCTATGGCCCG,P11,77,Male
PD194-2_PBMCs_765k_P7_P13,GTCTATCCTCATG,P13,77,Male
PD194-2_PBMCs_765k_P7_P15,GGAGTGTACTTGG,P15,77,Male
PD194-2_PBMCs_765k_P7_P17,GATCGCGAGTACG,P17,77,Male
PD194-2_PBMCs_765k_P7_P19,GCGGTCCCAAGTG,P19,77,Male
PD194-2_PBMCs_765k_P7_P21,GTTCTGGGAGAGG,P21,77,Male
PD194-2_PBMCs_765k_P7_P23,GAACTTCGAAAAG,P23,77,Male
PD194-2_PBMCs_765k_P7_I02,AGCGTCCACACAA,I02,2U,Female
PD194-2_PBMCs_765k_P7_I04,ACGAGGTGCCGTA,I04,2U,Female
PD194-2_PBMCs_765k_P7_I06,ATTTATTAGACGA,I06,2U,Female
PD194-2_PBMCs_765k_P7_I08,AGGGCTCCGACAA,I08,2U,Female
PD194-2_PBMCs_765k_P7_I10,AAAGTTTATCAAA,I10,2U,Female
PD194-2_PBMCs_765k_P7_I12,ACACGTGTGCGGA,I12,2U,Female
PD194-2_PBMCs_765k_P7_I14,AACGTCAAGGATA,I14,2U,Female
PD194-2_PBMCs_765k_P7_I16,AGTGACAGCTACA,I16,2U,Female
PD194-2_PBMCs_765k_P7_I18,AAGCTTTACATGA,I18,2U,Female
PD194-2_PBMCs_765k_P7_I20,ATATGAACAACTA,I20,2U,Female
PD194-2_PBMCs_765k_P7_I22,AGTAGATCGCTAA,I22,2U,Female
PD194-2_PBMCs_765k_P7_I24,AAAGCGTCTACCA,I24,2U,Female
PD194-2_PBMCs_765k_P7_J02,ACATTTTTGAAGA,J02,2U,Female
PD194-2_PBMCs_765k_P7_J04,ATGTAGCTTACCA,J04,2U,Female
PD194-2_PBMCs_765k_P7_J06,AGTGAGCGGCAAA,J06,2U,Female
PD194-2_PBMCs_765k_P7_J08,AATGAGCCTGATA,J08,2U,Female
PD194-2_PBMCs_765k_P7_J10,ATCGAAACGAGGA,J10,2U,Female
PD194-2_PBMCs_765k_P7_J12,AGACAGTAGTCCA,J12,2U,Female
PD194-2_PBMCs_765k_P7_J14,ATTTAGCTCGGTA,J14,2U,Female
PD194-2_PBMCs_765k_P7_J16,AGCTTGAGGACCA,J16,2U,Female
PD194-2_PBMCs_765k_P7_J18,AACAGACGCCTAA,J18,2U,Female
PD194-2_PBMCs_765k_P7_J20,ATTGGACAGGGCA,J20,2U,Female
PD194-2_PBMCs_765k_P7_J22,AAAATTCAGTATA,J22,2U,Female
PD194-2_PBMCs_765k_P7_J24,ACTGTCGAAATAA,J24,2U,Female
PD194-2_PBMCs_765k_P7_K02,TTGGGTATCAGGA,K02,3S,Male
PD194-2_PBMCs_765k_P7_K04,TGCTATCAGTCTA,K04,3S,Male
PD194-2_PBMCs_765k_P7_K06,TAAGGCGGTAAGA,K06,3S,Male
PD194-2_PBMCs_765k_P7_K08,TCGATTGGGTTTA,K08,3S,Male
PD194-2_PBMCs_765k_P7_K10,TTGCCCAGCATAA,K10,3S,Male
PD194-2_PBMCs_765k_P7_K12,TGCACTGGGCGCA,K12,3S,Male
PD194-2_PBMCs_765k_P7_K14,TATGGGAATAAAA,K14,3S,Male
PD194-2_PBMCs_765k_P7_K16,TCTACCCGGTTGA,K16,3S,Male
PD194-2_PBMCs_765k_P7_K18,TCATCCAGATCAC,K18,3S,Male
PD194-2_PBMCs_765k_P7_K20,TGAAGCAATTAGC,K20,3S,Male
PD194-2_PBMCs_765k_P7_K22,TATGGCGTCCTTC,K22,3S,Male
PD194-2_PBMCs_765k_P7_K24,TCAATATATTGAC,K24,3S,Male
PD194-2_PBMCs_765k_P7_L02,TTTGGACGACCGC,L02,3S,Male
PD194-2_PBMCs_765k_P7_L04,TGATTGACCAAAC,L04,3S,Male
PD194-2_PBMCs_765k_P7_L06,TCGAACATACCTC,L06,3S,Male
PD194-2_PBMCs_765k_P7_L08,TTTCATCCAATAC,L08,3S,Male
PD194-2_PBMCs_765k_P7_L10,TGCGGGAAAGGCC,L10,3S,Male
PD194-2_PBMCs_765k_P7_L12,TCAGGGATCACTC,L12,3S,Male
PD194-2_PBMCs_765k_P7_L14,TGTGTTACTTCCC,L14,3S,Male
PD194-2_PBMCs_765k_P7_L16,TACGGGTGTTGAC,L16,3S,Male
PD194-2_PBMCs_765k_P7_L18,TCCTGATGGTAGC,L18,3S,Male
PD194-2_PBMCs_765k_P7_L20,TTTCGTGCTTTCC,L20,3S,Male
PD194-2_PBMCs_765k_P7_L22,TGACGCGACGATC,L22,3S,Male
PD194-2_PBMCs_765k_P7_L24,TATTGTTAACGAC,L24,3S,Male
PD194-2_PBMCs_765k_P7_M02,CCAAGCGCGTCCC,M02,3S,Male
PD194-2_PBMCs_765k_P7_M04,CTTATCGTCAAGC,M04,3S,Male
PD194-2_PBMCs_765k_P7_M06,CCTAGAAGTCGAC,M06,3S,Male
PD194-2_PBMCs_765k_P7_M08,CTCGGCATGATCC,M08,3S,Male
PD194-2_PBMCs_765k_P7_M10,CGACGGCGCACAC,M10,3S,Male
PD194-2_PBMCs_765k_P7_M12,CAGACCGTGGACC,M12,3S,Male
PD194-2_PBMCs_765k_P7_M14,CCAGGTGACGGCC,M14,3S,Male
PD194-2_PBMCs_765k_P7_M16,CTCGTGTCGGAGC,M16,3S,Male
PD194-2_PBMCs_765k_P7_M18,CTTTCGTGTAGAC,M18,3S,Male
PD194-2_PBMCs_765k_P7_M20,CGCCAGTGCTTTC,M20,3S,Male
PD194-2_PBMCs_765k_P7_M22,CATGTTGCGGGAC,M22,3S,Male
PD194-2_PBMCs_765k_P7_M24,CCGCTTGTATAGC,M24,3S,Male
PD194-2_PBMCs_765k_P7_N02,CTCGTCACTGGCC,N02,3S,Male
PD194-2_PBMCs_765k_P7_N04,CGCTTTTACTGAC,N04,3S,Male
PD194-2_PBMCs_765k_P7_N06,CAGCAGGGACGCC,N06,3S,Male
PD194-2_PBMCs_765k_P7_N08,CCCGCTCGACTAC,N08,3S,Male
PD194-2_PBMCs_765k_P7_N10,CTTCTGATTTTGG,N10,3S,Male
PD194-2_PBMCs_765k_P7_N12,CGATGTGCGTGTG,N12,3S,Male
PD194-2_PBMCs_765k_P7_N14,CACCCCGCTCCTG,N14,3S,Male
PD194-2_PBMCs_765k_P7_N16,CCAGATTGTAACG,N16,3S,Male
PD194-2_PBMCs_765k_P7_N18,CTGCTCCACCAAG,N18,3S,Male
PD194-2_PBMCs_765k_P7_N20,CGCGATATTCGGG,N20,3S,Male
PD194-2_PBMCs_765k_P7_N22,CACAGGGGCAACG,N22,3S,Male
PD194-2_PBMCs_765k_P7_N24,CCTCTGATCCGTG,N24,3S,Male
PD194-2_PBMCs_765k_P7_O02,GTCATTGACTTGG,O02,3S,Male
PD194-2_PBMCs_765k_P7_O04,GGGAAATCGTACG,O04,3S,Male
PD194-2_PBMCs_765k_P7_O06,GAACTTACTGCGG,O06,3S,Male
PD194-2_PBMCs_765k_P7_O08,GCGACGGATTAAG,O08,3S,Male
PD194-2_PBMCs_765k_P7_O10,GTTGCGATGTCCG,O10,3S,Male
PD194-2_PBMCs_765k_P7_O12,GGGATCGCACAGG,O12,3S,Male
PD194-2_PBMCs_765k_P7_O14,GACCAAATTGTAG,O14,3S,Male
PD194-2_PBMCs_765k_P7_O16,GCTGGTCAGTTTG,O16,3S,Male
PD194-2_PBMCs_765k_P7_O18,GGCCAAGGCGCCG,O18,3S,Male
PD194-2_PBMCs_765k_P7_O20,GATGTAAGTCTTG,O20,3S,Male
PD194-2_PBMCs_765k_P7_O22,GGGTGCTCCACAG,O22,3S,Male
PD194-2_PBMCs_765k_P7_O24,GCTGGTAGAGGTG,O24,3S,Male
PD194-2_PBMCs_765k_P7_P02,GGCAGATTCCAGG,P02,3S,Male
PD194-2_PBMCs_765k_P7_P04,GATGGTTGCAATG,P04,3S,Male
PD194-2_PBMCs_765k_P7_P06,GGCGGGTAGATAG,P06,3S,Male
PD194-2_PBMCs_765k_P7_P08,GCCACTCTTGGGG,P08,3S,Male
PD194-2_PBMCs_765k_P7_P10,GGTGAGGTATGTG,P10,3S,Male
PD194-2_PBMCs_765k_P7_P12,GAACGTTTATACG,P12,3S,Male
PD194-2_PBMCs_765k_P7_P14,GGTGCCGCCAGCG,P14,3S,Male
PD194-2_PBMCs_765k_P7_P16,GCGCGTTACTCAG,P16,3S,Male
PD194-2_PBMCs_765k_P7_P18,GTGATTGATGGAG,P18,3S,Male
PD194-2_PBMCs_765k_P7_P20,GGTTACGGGCCGG,P20,3S,Male
PD194-2_PBMCs_765k_P7_P22,GACCAGCATACAG,P22,3S,Male
PD194-2_PBMCs_765k_P7_P24,GCGAGTTTAATGG,P24,3S,Male
