sample_name,combinatorial_barcode,plate_well,donor_id,donor_sex,activation
PD195-2_Tcells_765k-sample2_P7_A01,AAGTGATTAGCAA,A01,1B,Male,Unstimulated
PD195-2_Tcells_765k-sample2_P7_A03,AGAATCCCCCTAA,A03,1B,Male,Unstimulated
PD195-2_Tcells_765k-sample2_P7_A05,ACCTGGGAAACTA,A05,1B,Male,Unstimulated
PD195-2_Tcells_765k-sample2_P7_A07,ATACCTCCCAGGA,A07,1B,Male,Unstimulated
PD195-2_Tcells_765k-sample2_P7_A09,AATTTGTGGTATA,A09,1B,Male,Unstimulated
PD195-2_Tcells_765k-sample2_P7_A11,ACCCGAGAGATCA,A11,1B,Male,Unstimulated
PD195-2_Tcells_765k-sample2_P7_A13,AGAGTATAGGGTA,A13,1B,Male,Unstimulated
PD195-2_Tcells_765k-sample2_P7_A15,ATCTTAATTGAGA,A15,1B,Male,Unstimulated
PD195-2_Tcells_765k-sample2_P7_A17,AACGTTCTGTCGA,A17,1B,Male,Unstimulated
PD195-2_Tcells_765k-sample2_P7_A19,ACATAATGGCGAA,A19,1B,Male,Unstimulated
PD195-2_Tcells_765k-sample2_P7_A21,AGGCCGGAACATA,A21,1B,Male,Unstimulated
PD195-2_Tcells_765k-sample2_P7_A23,ATCACTTCAAGAA,A23,1B,Male,Unstimulated
PD195-2_Tcells_765k-sample2_P7_B01,AAGCTGGCCTTCA,B01,1B,Male,Unstimulated
PD195-2_Tcells_765k-sample2_P7_B03,ACTGCACATTGGA,B03,1B,Male,Unstimulated
PD195-2_Tcells_765k-sample2_P7_B05,AGGTCCTTCGATA,B05,1B,Male,Unstimulated
PD195-2_Tcells_765k-sample2_P7_B07,ATTCGCACCCGAA,B07,1B,Male,Unstimulated
PD195-2_Tcells_765k-sample2_P7_B09,ACCGTAAATTACA,B09,1B,Male,Unstimulated
PD195-2_Tcells_765k-sample2_P7_B11,AGTAGTCGATATA,B11,1B,Male,Unstimulated
PD195-2_Tcells_765k-sample2_P7_B13,ATGTAAGAATCAA,B13,1B,Male,Unstimulated
PD195-2_Tcells_765k-sample2_P7_B15,AAGGCCCGCCGTA,B15,1B,Male,Unstimulated
PD195-2_Tcells_765k-sample2_P7_B17,ACTCCACGCAAGA,B17,1B,Male,Unstimulated
PD195-2_Tcells_765k-sample2_P7_B19,AGTCTTTGATTAA,B19,1B,Male,Unstimulated
PD195-2_Tcells_765k-sample2_P7_B21,ATAGAGCCCGCCA,B21,1B,Male,Unstimulated
PD195-2_Tcells_765k-sample2_P7_B23,AAGAAATGGAGGA,B23,1B,Male,Unstimulated
PD195-2_Tcells_765k-sample2_P7_C01,TCAGCGCTGGTTA,C01,1B,Male,Unstimulated
PD195-2_Tcells_765k-sample2_P7_C03,TGTTGACGAATAA,C03,1B,Male,Unstimulated
PD195-2_Tcells_765k-sample2_P7_C05,TTGCATCAGCGCA,C05,1B,Male,Unstimulated
PD195-2_Tcells_765k-sample2_P7_C07,TAGCCATATGAGA,C07,1B,Male,Unstimulated
PD195-2_Tcells_765k-sample2_P7_C09,TCCTGCCCCTGTA,C09,1B,Male,Unstimulated
PD195-2_Tcells_765k-sample2_P7_C11,TGGTATAAAACCA,C11,1B,Male,Unstimulated
PD195-2_Tcells_765k-sample2_P7_C13,TTAAAGTCATGCA,C13,1B,Male,Unstimulated
PD195-2_Tcells_765k-sample2_P7_C15,TAGAACTCAGAAA,C15,1B,Male,Unstimulated
PD195-2_Tcells_765k-sample2_P7_C17,TCAGCTTAATCGC,C17,1B,Male,Unstimulated
PD195-2_Tcells_765k-sample2_P7_C19,TGGCTTAAGAGAC,C19,1B,Male,Unstimulated
PD195-2_Tcells_765k-sample2_P7_C21,TTCACCTGTCGGC,C21,1B,Male,Unstimulated
PD195-2_Tcells_765k-sample2_P7_C23,TATAGTGATACTC,C23,1B,Male,Unstimulated
PD195-2_Tcells_765k-sample2_P7_D01,TCATCAGCGAACC,D01,1B,Male,Unstimulated
PD195-2_Tcells_765k-sample2_P7_D03,TGCGCCATGGGAC,D03,1B,Male,Unstimulated
PD195-2_Tcells_765k-sample2_P7_D05,TTGTTGAACTCCC,D05,1B,Male,Unstimulated
PD195-2_Tcells_765k-sample2_P7_D07,TATATACGCAGTC,D07,1B,Male,Unstimulated
PD195-2_Tcells_765k-sample2_P7_D09,TCGCACGACGTAC,D09,1B,Male,Unstimulated
PD195-2_Tcells_765k-sample2_P7_D11,TGGGACAGAAGGC,D11,1B,Male,Unstimulated
PD195-2_Tcells_765k-sample2_P7_D13,TTTAACAAGTATC,D13,1B,Male,Unstimulated
PD195-2_Tcells_765k-sample2_P7_D15,TACTCCTGGGTAC,D15,1B,Male,Unstimulated
PD195-2_Tcells_765k-sample2_P7_D17,TCAGAAAACCCCC,D17,1B,Male,Unstimulated
PD195-2_Tcells_765k-sample2_P7_D19,TGCACGAGCAGTC,D19,1B,Male,Unstimulated
PD195-2_Tcells_765k-sample2_P7_D21,TTATTATGCTTCC,D21,1B,Male,Unstimulated
PD195-2_Tcells_765k-sample2_P7_D23,TAGCGACTGTATC,D23,1B,Male,Unstimulated
PD195-2_Tcells_765k-sample2_P7_E01,CCCTTGCGACAGC,E01,1B,Male,Unstimulated
PD195-2_Tcells_765k-sample2_P7_E03,CGTTAGATTGCAC,E03,1B,Male,Unstimulated
PD195-2_Tcells_765k-sample2_P7_E05,CTAAATACCATCC,E05,1B,Male,Unstimulated
PD195-2_Tcells_765k-sample2_P7_E07,CATATTTTTTAGC,E07,1B,Male,Unstimulated
PD195-2_Tcells_765k-sample2_P7_E09,CCCCTAAACGCTC,E09,1B,Male,Unstimulated
PD195-2_Tcells_765k-sample2_P7_E11,CGATTGTTAGGAC,E11,1B,Male,Unstimulated
PD195-2_Tcells_765k-sample2_P7_E13,CTACCGAGTCTCC,E13,1B,Male,Unstimulated
PD195-2_Tcells_765k-sample2_P7_E15,CAGAACAAATTGC,E15,1B,Male,Unstimulated
PD195-2_Tcells_765k-sample2_P7_E17,CCTTGATCTCATC,E17,1B,Male,Unstimulated
PD195-2_Tcells_765k-sample2_P7_E19,CGCCACGCGTTAC,E19,1B,Male,Unstimulated
PD195-2_Tcells_765k-sample2_P7_E21,CTATAGATACGGC,E21,1B,Male,Unstimulated
PD195-2_Tcells_765k-sample2_P7_E23,CATACCCAGCCAC,E23,1B,Male,Unstimulated
PD195-2_Tcells_765k-sample2_P7_F01,CCCCGGATGTACC,F01,1B,Male,Unstimulated
PD195-2_Tcells_765k-sample2_P7_F03,CGATCTCGGCTTC,F03,1B,Male,Unstimulated
PD195-2_Tcells_765k-sample2_P7_F05,CTAGCCGCTTTGC,F05,1B,Male,Unstimulated
PD195-2_Tcells_765k-sample2_P7_F07,CCTAAATACAGCC,F07,1B,Male,Unstimulated
PD195-2_Tcells_765k-sample2_P7_F09,CGGGTTTTACCAG,F09,1B,Male,Unstimulated
PD195-2_Tcells_765k-sample2_P7_F11,CATATCCATTGCG,F11,1B,Male,Unstimulated
PD195-2_Tcells_765k-sample2_P7_F13,CCTCCCGAGAGTG,F13,1B,Male,Unstimulated
PD195-2_Tcells_765k-sample2_P7_F15,CGAATATCTCCGG,F15,1B,Male,Unstimulated
PD195-2_Tcells_765k-sample2_P7_F17,CTACTAACCCACG,F17,1B,Male,Unstimulated
PD195-2_Tcells_765k-sample2_P7_F19,CAAATGATACAAG,F19,1B,Male,Unstimulated
PD195-2_Tcells_765k-sample2_P7_F21,CCCCCATTATTTG,F21,1B,Male,Unstimulated
PD195-2_Tcells_765k-sample2_P7_F23,CGAGTCGCGACGG,F23,1B,Male,Unstimulated
PD195-2_Tcells_765k-sample2_P7_G01,GTGGTTGTGGCCG,G01,1B,Male,Stimulated
PD195-2_Tcells_765k-sample2_P7_G03,GATTCAAGGAAAG,G03,1B,Male,Stimulated
PD195-2_Tcells_765k-sample2_P7_G05,GCCAAGATCTGGG,G05,1B,Male,Stimulated
PD195-2_Tcells_765k-sample2_P7_G07,GATACTGTATCAG,G07,1B,Male,Stimulated
PD195-2_Tcells_765k-sample2_P7_G09,GCCGATTCGTGCG,G09,1B,Male,Stimulated
PD195-2_Tcells_765k-sample2_P7_G11,GTGACAACGCTGG,G11,1B,Male,Stimulated
PD195-2_Tcells_765k-sample2_P7_G13,GGGCTGTCTTATG,G13,1B,Male,Stimulated
PD195-2_Tcells_765k-sample2_P7_G15,GACCCTGGCCTGG,G15,1B,Male,Stimulated
PD195-2_Tcells_765k-sample2_P7_G17,GCGTACGCTTATG,G17,1B,Male,Stimulated
PD195-2_Tcells_765k-sample2_P7_G19,GTTGCACTTAATG,G19,1B,Male,Stimulated
PD195-2_Tcells_765k-sample2_P7_G21,GGACAAAGAGAAG,G21,1B,Male,Stimulated
PD195-2_Tcells_765k-sample2_P7_G23,GAACCACAGCACG,G23,1B,Male,Stimulated
PD195-2_Tcells_765k-sample2_P7_H01,GCTTATCTAGAGG,H01,1B,Male,Stimulated
PD195-2_Tcells_765k-sample2_P7_H03,GTAATGTGGTCAG,H03,1B,Male,Stimulated
PD195-2_Tcells_765k-sample2_P7_H05,GGCGCGCGAGCTG,H05,1B,Male,Stimulated
PD195-2_Tcells_765k-sample2_P7_H07,GTCCATGTGTGTG,H07,1B,Male,Stimulated
PD195-2_Tcells_765k-sample2_P7_H09,GGGAGGAATCCAG,H09,1B,Male,Stimulated
PD195-2_Tcells_765k-sample2_P7_H11,GATCAAAATAGGG,H11,1B,Male,Stimulated
PD195-2_Tcells_765k-sample2_P7_H13,GCAAGACTGCCAG,H13,1B,Male,Stimulated
PD195-2_Tcells_765k-sample2_P7_H15,GTAGGATGGACCG,H15,1B,Male,Stimulated
PD195-2_Tcells_765k-sample2_P7_H17,GGATCGGACCTAG,H17,1B,Male,Stimulated
PD195-2_Tcells_765k-sample2_P7_H19,GCCCAAAGGAATG,H19,1B,Male,Stimulated
PD195-2_Tcells_765k-sample2_P7_H21,GTACCTAACGCAG,H21,1B,Male,Stimulated
PD195-2_Tcells_765k-sample2_P7_H23,GGTCAGGTTCAGG,H23,1B,Male,Stimulated
PD195-2_Tcells_765k-sample2_P7_A02,AACCTCCAACCCA,A02,9W,Female,Stimulated
PD195-2_Tcells_765k-sample2_P7_A04,ACGTTTCAGCCAA,A04,9W,Female,Stimulated
PD195-2_Tcells_765k-sample2_P7_A06,ATAAGGTTAGATA,A06,9W,Female,Stimulated
PD195-2_Tcells_765k-sample2_P7_A08,AATATACCAGACA,A08,9W,Female,Stimulated
PD195-2_Tcells_765k-sample2_P7_A10,AGGAGAGACTGTA,A10,9W,Female,Stimulated
PD195-2_Tcells_765k-sample2_P7_A12,ACTCATCTTAGCA,A12,9W,Female,Stimulated
PD195-2_Tcells_765k-sample2_P7_A14,AAATTTGGCCGTA,A14,9W,Female,Stimulated
PD195-2_Tcells_765k-sample2_P7_A16,ATTAAGGAAGTAA,A16,9W,Female,Stimulated
PD195-2_Tcells_765k-sample2_P7_A18,AACCGATCCAGAA,A18,9W,Female,Stimulated
PD195-2_Tcells_765k-sample2_P7_A20,ACAACGGGACTGA,A20,9W,Female,Stimulated
PD195-2_Tcells_765k-sample2_P7_A22,ATCCAGTACAACA,A22,9W,Female,Stimulated
PD195-2_Tcells_765k-sample2_P7_A24,AGAGGACGATGCA,A24,9W,Female,Stimulated
PD195-2_Tcells_765k-sample2_P7_B02,AAAGGGTCGCTTA,B02,9W,Female,Stimulated
PD195-2_Tcells_765k-sample2_P7_B04,ACCCATGTAGCAA,B04,9W,Female,Stimulated
PD195-2_Tcells_765k-sample2_P7_B06,AGTGAAGTGGACA,B06,9W,Female,Stimulated
PD195-2_Tcells_765k-sample2_P7_B08,ATAATAATTACAA,B08,9W,Female,Stimulated
PD195-2_Tcells_765k-sample2_P7_B10,AGCTGTAACGTGA,B10,9W,Female,Stimulated
PD195-2_Tcells_765k-sample2_P7_B12,AAAAAGCTGCGTA,B12,9W,Female,Stimulated
PD195-2_Tcells_765k-sample2_P7_B14,ACGCGCAAACAGA,B14,9W,Female,Stimulated
PD195-2_Tcells_765k-sample2_P7_B16,ATAATTTTCCCCA,B16,9W,Female,Stimulated
PD195-2_Tcells_765k-sample2_P7_B18,AGGATACTGGTTA,B18,9W,Female,Stimulated
PD195-2_Tcells_765k-sample2_P7_B20,AAGGGGGAAGCGA,B20,9W,Female,Stimulated
PD195-2_Tcells_765k-sample2_P7_B22,ACAACGCCAAAAA,B22,9W,Female,Stimulated
PD195-2_Tcells_765k-sample2_P7_B24,AACGAAGCCTGTA,B24,9W,Female,Stimulated
PD195-2_Tcells_765k-sample2_P7_C02,TTACGTTGCCAGA,C02,5B,Female,Unstimulated
PD195-2_Tcells_765k-sample2_P7_C04,TAATTAACTTATA,C04,5B,Female,Unstimulated
PD195-2_Tcells_765k-sample2_P7_C06,TCTCGGTATGGGA,C06,5B,Female,Unstimulated
PD195-2_Tcells_765k-sample2_P7_C08,TTCGTGTGAATTA,C08,5B,Female,Unstimulated
PD195-2_Tcells_765k-sample2_P7_C10,TATAATTAGTTCA,C10,5B,Female,Unstimulated
PD195-2_Tcells_765k-sample2_P7_C12,TGGCTAATTCCTA,C12,5B,Female,Unstimulated
PD195-2_Tcells_765k-sample2_P7_C14,TAGAAGGTCGTGA,C14,5B,Female,Unstimulated
PD195-2_Tcells_765k-sample2_P7_C16,TCGTGAGGGGGTA,C16,5B,Female,Unstimulated
PD195-2_Tcells_765k-sample2_P7_C18,TTAGGCTAAAGGC,C18,5B,Female,Unstimulated
PD195-2_Tcells_765k-sample2_P7_C20,TGAAGTGGCTTCC,C20,5B,Female,Unstimulated
PD195-2_Tcells_765k-sample2_P7_C22,TATCGCATAGCGC,C22,5B,Female,Unstimulated
PD195-2_Tcells_765k-sample2_P7_C24,TCTCCTAAGCTCC,C24,5B,Female,Unstimulated
PD195-2_Tcells_765k-sample2_P7_D02,TAAATCATGATTC,D02,5B,Female,Unstimulated
PD195-2_Tcells_765k-sample2_P7_D04,TCGCATACGGAAC,D04,5B,Female,Unstimulated
PD195-2_Tcells_765k-sample2_P7_D06,TTGCAGCCACAGC,D06,5B,Female,Unstimulated
PD195-2_Tcells_765k-sample2_P7_D08,TACCTGGTGCTTC,D08,5B,Female,Unstimulated
PD195-2_Tcells_765k-sample2_P7_D10,TGTTTTCATAAGC,D10,5B,Female,Unstimulated
PD195-2_Tcells_765k-sample2_P7_D12,TAAACTGAGATGC,D12,5B,Female,Unstimulated
PD195-2_Tcells_765k-sample2_P7_D14,TCAGTGCGCTGTC,D14,5B,Female,Unstimulated
PD195-2_Tcells_765k-sample2_P7_D16,TTGAGTGGGCCAC,D16,5B,Female,Unstimulated
PD195-2_Tcells_765k-sample2_P7_D18,TATTCTCTCAACC,D18,5B,Female,Unstimulated
PD195-2_Tcells_765k-sample2_P7_D20,TCCTCCTTTACGC,D20,5B,Female,Unstimulated
PD195-2_Tcells_765k-sample2_P7_D22,TAGAGAACTTTAC,D22,5B,Female,Unstimulated
PD195-2_Tcells_765k-sample2_P7_D24,TTACTACCAGGTC,D24,5B,Female,Unstimulated
PD195-2_Tcells_765k-sample2_P7_E02,CATTGCTACATCC,E02,5B,Female,Unstimulated
PD195-2_Tcells_765k-sample2_P7_E04,CGGAGTCACACGC,E04,5B,Female,Unstimulated
PD195-2_Tcells_765k-sample2_P7_E06,CCGGTGGAGCTCC,E06,5B,Female,Unstimulated
PD195-2_Tcells_765k-sample2_P7_E08,CTTCGGCCCAATC,E08,5B,Female,Unstimulated
PD195-2_Tcells_765k-sample2_P7_E10,CACGAGACACCCC,E10,5B,Female,Unstimulated
PD195-2_Tcells_765k-sample2_P7_E12,CGTCTAGACAAAC,E12,5B,Female,Unstimulated
PD195-2_Tcells_765k-sample2_P7_E14,CACCGTACGTTGC,E14,5B,Female,Unstimulated
PD195-2_Tcells_765k-sample2_P7_E16,CCTAACCCTCTCC,E16,5B,Female,Unstimulated
PD195-2_Tcells_765k-sample2_P7_E18,CTAGATTTAACTC,E18,5B,Female,Unstimulated
PD195-2_Tcells_765k-sample2_P7_E20,CAGATTAGAGTAC,E20,5B,Female,Unstimulated
PD195-2_Tcells_765k-sample2_P7_E22,CGGGACGTTTTCC,E22,5B,Female,Unstimulated
PD195-2_Tcells_765k-sample2_P7_E24,CTATACCAAGAAC,E24,5B,Female,Unstimulated
PD195-2_Tcells_765k-sample2_P7_F02,CCGGCGAGCCAGC,F02,5B,Female,Unstimulated
PD195-2_Tcells_765k-sample2_P7_F04,CATTTGAAAACGC,F04,5B,Female,Unstimulated
PD195-2_Tcells_765k-sample2_P7_F06,CCCCTTTCTGGAC,F06,5B,Female,Unstimulated
PD195-2_Tcells_765k-sample2_P7_F08,CTGACTGCAGCGC,F08,5B,Female,Unstimulated
PD195-2_Tcells_765k-sample2_P7_F10,CACGATCAAGTTG,F10,5B,Female,Unstimulated
PD195-2_Tcells_765k-sample2_P7_F12,CGAAATGCTGACG,F12,5B,Female,Unstimulated
PD195-2_Tcells_765k-sample2_P7_F14,CGCTACCTGAAGG,F14,5B,Female,Unstimulated
PD195-2_Tcells_765k-sample2_P7_F16,CAGGAACTACACG,F16,5B,Female,Unstimulated
PD195-2_Tcells_765k-sample2_P7_F18,CTCGGCCGGTCAG,F18,5B,Female,Unstimulated
PD195-2_Tcells_765k-sample2_P7_F20,CTTTTCCAGCGTG,F20,5B,Female,Unstimulated
PD195-2_Tcells_765k-sample2_P7_F22,CAATCGTAGCCGG,F22,5B,Female,Unstimulated
PD195-2_Tcells_765k-sample2_P7_F24,CGTAAACTACGAG,F24,5B,Female,Unstimulated
PD195-2_Tcells_765k-sample2_P7_G02,GACGAGTATCTGG,G02,5B,Female,Stimulated
PD195-2_Tcells_765k-sample2_P7_G04,GCAAAGGGTGGTG,G04,5B,Female,Stimulated
PD195-2_Tcells_765k-sample2_P7_G06,GTAGGTGAGAAAG,G06,5B,Female,Stimulated
PD195-2_Tcells_765k-sample2_P7_G08,GAGCGGATTAGTG,G08,5B,Female,Stimulated
PD195-2_Tcells_765k-sample2_P7_G10,GGTTTGTATGTCG,G10,5B,Female,Stimulated
PD195-2_Tcells_765k-sample2_P7_G12,GAACACATCTGAG,G12,5B,Female,Stimulated
PD195-2_Tcells_765k-sample2_P7_G14,GCTACCAATGACG,G14,5B,Female,Stimulated
PD195-2_Tcells_765k-sample2_P7_G16,GTGAGGGCTCGGG,G16,5B,Female,Stimulated
PD195-2_Tcells_765k-sample2_P7_G18,GAAATGTGTCGCG,G18,5B,Female,Stimulated
PD195-2_Tcells_765k-sample2_P7_G20,GGCCCACACCGGG,G20,5B,Female,Stimulated
PD195-2_Tcells_765k-sample2_P7_G22,GCCGGTAGCTCCG,G22,5B,Female,Stimulated
PD195-2_Tcells_765k-sample2_P7_G24,GAAGAATTATGGG,G24,5B,Female,Stimulated
PD195-2_Tcells_765k-sample2_P7_H02,GTCTCGTCATATG,H02,5B,Female,Stimulated
PD195-2_Tcells_765k-sample2_P7_H04,GGACTTTTGGTCG,H04,5B,Female,Stimulated
PD195-2_Tcells_765k-sample2_P7_H06,GATTTCGTTCCAG,H06,5B,Female,Stimulated
PD195-2_Tcells_765k-sample2_P7_H08,GTCCCGGAGCCAG,H08,5B,Female,Stimulated
PD195-2_Tcells_765k-sample2_P7_H10,GGGGGGCCGGACG,H10,5B,Female,Stimulated
PD195-2_Tcells_765k-sample2_P7_H12,GACTACGTTTGGG,H12,5B,Female,Stimulated
PD195-2_Tcells_765k-sample2_P7_H14,GCTTTAATCTAAG,H14,5B,Female,Stimulated
PD195-2_Tcells_765k-sample2_P7_H16,GAGGCAAAAATCG,H16,5B,Female,Stimulated
PD195-2_Tcells_765k-sample2_P7_H18,GTTTGATTCTCGG,H18,5B,Female,Stimulated
PD195-2_Tcells_765k-sample2_P7_H20,GAGGGACATCGAG,H20,5B,Female,Stimulated
PD195-2_Tcells_765k-sample2_P7_H22,GGATCCTTACCCG,H22,5B,Female,Stimulated
PD195-2_Tcells_765k-sample2_P7_H24,GCGATCCTCGCGG,H24,5B,Female,Stimulated
PD195-2_Tcells_765k-sample2_P7_I01,ATATTGGCACTTA,I01,9W,Female,Unstimulated
PD195-2_Tcells_765k-sample2_P7_I03,AAAAGAATCGCCA,I03,9W,Female,Unstimulated
PD195-2_Tcells_765k-sample2_P7_I05,AGGAAGCCCATTA,I05,9W,Female,Unstimulated
PD195-2_Tcells_765k-sample2_P7_I07,ACCCCTTCGCAGA,I07,9W,Female,Unstimulated
PD195-2_Tcells_765k-sample2_P7_I09,ATGTCTATTCACA,I09,9W,Female,Unstimulated
PD195-2_Tcells_765k-sample2_P7_I11,AGAACGCTTTGAA,I11,9W,Female,Unstimulated
PD195-2_Tcells_765k-sample2_P7_I13,AAGGGACCCACCA,I13,9W,Female,Unstimulated
PD195-2_Tcells_765k-sample2_P7_I15,ACACATCGTTTTA,I15,9W,Female,Unstimulated
PD195-2_Tcells_765k-sample2_P7_I17,AATGGTTCTCCGA,I17,9W,Female,Unstimulated
PD195-2_Tcells_765k-sample2_P7_I19,ATGCCGCTGAAAA,I19,9W,Female,Unstimulated
PD195-2_Tcells_765k-sample2_P7_I21,AAACACTCTAGTA,I21,9W,Female,Unstimulated
PD195-2_Tcells_765k-sample2_P7_I23,ATCCTCGGGGTCA,I23,9W,Female,Unstimulated
PD195-2_Tcells_765k-sample2_P7_J01,AAGAATCGCTAGA,J01,9W,Female,Unstimulated
PD195-2_Tcells_765k-sample2_P7_J03,AGAAGTCAGGTAA,J03,9W,Female,Unstimulated
PD195-2_Tcells_765k-sample2_P7_J05,ACGCGGCTCATCA,J05,9W,Female,Unstimulated
PD195-2_Tcells_765k-sample2_P7_J07,AAACCCAAATATA,J07,9W,Female,Unstimulated
PD195-2_Tcells_765k-sample2_P7_J09,ATCTCAGAACTGA,J09,9W,Female,Unstimulated
PD195-2_Tcells_765k-sample2_P7_J11,AGCAATTAGGAGA,J11,9W,Female,Unstimulated
PD195-2_Tcells_765k-sample2_P7_J13,AAGTAAACGCGTA,J13,9W,Female,Unstimulated
PD195-2_Tcells_765k-sample2_P7_J15,ACATACAGCATGA,J15,9W,Female,Unstimulated
PD195-2_Tcells_765k-sample2_P7_J17,AACGCAGAGAGAA,J17,9W,Female,Unstimulated
PD195-2_Tcells_765k-sample2_P7_J19,ATGACGCGATTTA,J19,9W,Female,Unstimulated
PD195-2_Tcells_765k-sample2_P7_J21,AAACATTCACCAA,J21,9W,Female,Unstimulated
PD195-2_Tcells_765k-sample2_P7_J23,AGGCCTCATATTA,J23,9W,Female,Unstimulated
PD195-2_Tcells_765k-sample2_P7_K01,TGACGCTCACTGA,K01,9W,Female,Unstimulated
PD195-2_Tcells_765k-sample2_P7_K03,TCCGGGCGGAGCA,K03,9W,Female,Unstimulated
PD195-2_Tcells_765k-sample2_P7_K05,TTTCCCGTTTAAA,K05,9W,Female,Unstimulated
PD195-2_Tcells_765k-sample2_P7_K07,TGTAACTGAGTGA,K07,9W,Female,Unstimulated
PD195-2_Tcells_765k-sample2_P7_K09,TAACCTATGCCTA,K09,9W,Female,Unstimulated
PD195-2_Tcells_765k-sample2_P7_K11,TCCAAAGAACATA,K11,9W,Female,Unstimulated
PD195-2_Tcells_765k-sample2_P7_K13,TTCTCGGGTGACA,K13,9W,Female,Unstimulated
PD195-2_Tcells_765k-sample2_P7_K15,TGGTGTTGTTTTA,K15,9W,Female,Unstimulated
PD195-2_Tcells_765k-sample2_P7_K17,TAACCCGTAGTAC,K17,9W,Female,Unstimulated
PD195-2_Tcells_765k-sample2_P7_K19,TCTGCCTACTAAC,K19,9W,Female,Unstimulated
PD195-2_Tcells_765k-sample2_P7_K21,TTCAGTATTTATC,K21,9W,Female,Unstimulated
PD195-2_Tcells_765k-sample2_P7_K23,TGCTAGGGAAAAC,K23,9W,Female,Unstimulated
PD195-2_Tcells_765k-sample2_P7_L01,TAGTTACGAGGGC,L01,9W,Female,Unstimulated
PD195-2_Tcells_765k-sample2_P7_L03,TCGACCTAGGTTC,L03,9W,Female,Unstimulated
PD195-2_Tcells_765k-sample2_P7_L05,TGCCTCGATAGGC,L05,9W,Female,Unstimulated
PD195-2_Tcells_765k-sample2_P7_L07,TATTAGTCAAACC,L07,9W,Female,Unstimulated
PD195-2_Tcells_765k-sample2_P7_L09,TCTTACTGAACTC,L09,9W,Female,Unstimulated
PD195-2_Tcells_765k-sample2_P7_L11,TTCAATTGTGCAC,L11,9W,Female,Unstimulated
PD195-2_Tcells_765k-sample2_P7_L13,TGTACATGTCACC,L13,9W,Female,Unstimulated
PD195-2_Tcells_765k-sample2_P7_L15,TACGTATCATTAC,L15,9W,Female,Unstimulated
PD195-2_Tcells_765k-sample2_P7_L17,TCATGGACTCTGC,L17,9W,Female,Unstimulated
PD195-2_Tcells_765k-sample2_P7_L19,TTCATGCTCCATC,L19,9W,Female,Unstimulated
PD195-2_Tcells_765k-sample2_P7_L21,TGCTAACTCTGCC,L21,9W,Female,Unstimulated
PD195-2_Tcells_765k-sample2_P7_L23,TCCCTACTTCAAC,L23,9W,Female,Unstimulated
PD195-2_Tcells_765k-sample2_P7_M01,CAGTACTACGCGC,M01,9W,Female,Unstimulated
PD195-2_Tcells_765k-sample2_P7_M03,CTCACCGGCTATC,M03,9W,Female,Unstimulated
PD195-2_Tcells_765k-sample2_P7_M05,CACTATTTAATAC,M05,9W,Female,Unstimulated
PD195-2_Tcells_765k-sample2_P7_M07,CCGGACTTGCTGC,M07,9W,Female,Unstimulated
PD195-2_Tcells_765k-sample2_P7_M09,CTCACATCTTCCC,M09,9W,Female,Unstimulated
PD195-2_Tcells_765k-sample2_P7_M11,CGACCACCTGTAC,M11,9W,Female,Unstimulated
PD195-2_Tcells_765k-sample2_P7_M13,CATCAATCCCAGC,M13,9W,Female,Unstimulated
PD195-2_Tcells_765k-sample2_P7_M15,CCCAAGCAGGCCC,M15,9W,Female,Unstimulated
PD195-2_Tcells_765k-sample2_P7_M17,CTGTGCATAGTTC,M17,9W,Female,Unstimulated
PD195-2_Tcells_765k-sample2_P7_M19,CAACGCAGTCCAC,M19,9W,Female,Unstimulated
PD195-2_Tcells_765k-sample2_P7_M21,CGCGTTGGTAATC,M21,9W,Female,Unstimulated
PD195-2_Tcells_765k-sample2_P7_M23,CCTTCAGTAGGAC,M23,9W,Female,Unstimulated
PD195-2_Tcells_765k-sample2_P7_N01,CTAGCCTTCTGTC,N01,9W,Female,Unstimulated
PD195-2_Tcells_765k-sample2_P7_N03,CGTCCCACGAAGC,N03,9W,Female,Unstimulated
PD195-2_Tcells_765k-sample2_P7_N05,CTAGTTCCTATTC,N05,9W,Female,Unstimulated
PD195-2_Tcells_765k-sample2_P7_N07,CCCCAACCGGTGC,N07,9W,Female,Unstimulated
PD195-2_Tcells_765k-sample2_P7_N09,CTCTTAAAGATTG,N09,9W,Female,Unstimulated
PD195-2_Tcells_765k-sample2_P7_N11,CGGTCTCCTTGCG,N11,9W,Female,Unstimulated
PD195-2_Tcells_765k-sample2_P7_N13,CAATGAGCAGAGG,N13,9W,Female,Unstimulated
PD195-2_Tcells_765k-sample2_P7_N15,CCATATTCCCTTG,N15,9W,Female,Unstimulated
PD195-2_Tcells_765k-sample2_P7_N17,CTGTTACCCGTAG,N17,9W,Female,Unstimulated
PD195-2_Tcells_765k-sample2_P7_N19,CGATAATTTTCTG,N19,9W,Female,Unstimulated
PD195-2_Tcells_765k-sample2_P7_N21,CAACCTTGAGGGG,N21,9W,Female,Unstimulated
PD195-2_Tcells_765k-sample2_P7_N23,CCGATAAAACGCG,N23,9W,Female,Unstimulated
PD195-2_Tcells_765k-sample2_P7_O01,GCCTAGAGAGTTG,O01,9W,Female,Stimulated
PD195-2_Tcells_765k-sample2_P7_O03,GGTCACCATGGAG,O03,9W,Female,Stimulated
PD195-2_Tcells_765k-sample2_P7_O05,GCTGTGGCCCCGG,O05,9W,Female,Stimulated
PD195-2_Tcells_765k-sample2_P7_O07,GTGGGAGGCGAAG,O07,9W,Female,Stimulated
PD195-2_Tcells_765k-sample2_P7_O09,GGCTGCCGTCACG,O09,9W,Female,Stimulated
PD195-2_Tcells_765k-sample2_P7_O11,GATCTTCTATGTG,O11,9W,Female,Stimulated
PD195-2_Tcells_765k-sample2_P7_O13,GCTACTTGCTCTG,O13,9W,Female,Stimulated
PD195-2_Tcells_765k-sample2_P7_O15,GTGGGCCTTTAGG,O15,9W,Female,Stimulated
PD195-2_Tcells_765k-sample2_P7_O17,GGATACACCGGCG,O17,9W,Female,Stimulated
PD195-2_Tcells_765k-sample2_P7_O19,GTGCGCTCGGATG,O19,9W,Female,Stimulated
PD195-2_Tcells_765k-sample2_P7_O21,GCACAGGTCAAAG,O21,9W,Female,Stimulated
PD195-2_Tcells_765k-sample2_P7_O23,GTCTGAGTGCCCG,O23,9W,Female,Stimulated
PD195-2_Tcells_765k-sample2_P7_P01,GGTTGTGTAGCTG,P01,9W,Female,Stimulated
PD195-2_Tcells_765k-sample2_P7_P03,GATGCGGGGCGGG,P03,9W,Female,Stimulated
PD195-2_Tcells_765k-sample2_P7_P05,GCCGGTGTAAACG,P05,9W,Female,Stimulated
PD195-2_Tcells_765k-sample2_P7_P07,GTGGCAAGTTCGG,P07,9W,Female,Stimulated
PD195-2_Tcells_765k-sample2_P7_P09,GGTAGAATGAGTG,P09,9W,Female,Stimulated
PD195-2_Tcells_765k-sample2_P7_P11,GCCCTATGGCCCG,P11,9W,Female,Stimulated
PD195-2_Tcells_765k-sample2_P7_P13,GTCTATCCTCATG,P13,9W,Female,Stimulated
PD195-2_Tcells_765k-sample2_P7_P15,GGAGTGTACTTGG,P15,9W,Female,Stimulated
PD195-2_Tcells_765k-sample2_P7_P17,GATCGCGAGTACG,P17,9W,Female,Stimulated
PD195-2_Tcells_765k-sample2_P7_P19,GCGGTCCCAAGTG,P19,9W,Female,Stimulated
PD195-2_Tcells_765k-sample2_P7_P21,GTTCTGGGAGAGG,P21,9W,Female,Stimulated
PD195-2_Tcells_765k-sample2_P7_P23,GAACTTCGAAAAG,P23,9W,Female,Stimulated
PD195-2_Tcells_765k-sample2_P7_I02,AGCGTCCACACAA,I02,77,Male,Unstimulated
PD195-2_Tcells_765k-sample2_P7_I04,ACGAGGTGCCGTA,I04,77,Male,Unstimulated
PD195-2_Tcells_765k-sample2_P7_I06,ATTTATTAGACGA,I06,77,Male,Unstimulated
PD195-2_Tcells_765k-sample2_P7_I08,AGGGCTCCGACAA,I08,77,Male,Unstimulated
PD195-2_Tcells_765k-sample2_P7_I10,AAAGTTTATCAAA,I10,77,Male,Unstimulated
PD195-2_Tcells_765k-sample2_P7_I12,ACACGTGTGCGGA,I12,77,Male,Unstimulated
PD195-2_Tcells_765k-sample2_P7_I14,AACGTCAAGGATA,I14,77,Male,Unstimulated
PD195-2_Tcells_765k-sample2_P7_I16,AGTGACAGCTACA,I16,77,Male,Unstimulated
PD195-2_Tcells_765k-sample2_P7_I18,AAGCTTTACATGA,I18,77,Male,Unstimulated
PD195-2_Tcells_765k-sample2_P7_I20,ATATGAACAACTA,I20,77,Male,Unstimulated
PD195-2_Tcells_765k-sample2_P7_I22,AGTAGATCGCTAA,I22,77,Male,Unstimulated
PD195-2_Tcells_765k-sample2_P7_I24,AAAGCGTCTACCA,I24,77,Male,Unstimulated
PD195-2_Tcells_765k-sample2_P7_J02,ACATTTTTGAAGA,J02,77,Male,Unstimulated
PD195-2_Tcells_765k-sample2_P7_J04,ATGTAGCTTACCA,J04,77,Male,Unstimulated
PD195-2_Tcells_765k-sample2_P7_J06,AGTGAGCGGCAAA,J06,77,Male,Unstimulated
PD195-2_Tcells_765k-sample2_P7_J08,AATGAGCCTGATA,J08,77,Male,Unstimulated
PD195-2_Tcells_765k-sample2_P7_J10,ATCGAAACGAGGA,J10,77,Male,Unstimulated
PD195-2_Tcells_765k-sample2_P7_J12,AGACAGTAGTCCA,J12,77,Male,Unstimulated
PD195-2_Tcells_765k-sample2_P7_J14,ATTTAGCTCGGTA,J14,77,Male,Unstimulated
PD195-2_Tcells_765k-sample2_P7_J16,AGCTTGAGGACCA,J16,77,Male,Unstimulated
PD195-2_Tcells_765k-sample2_P7_J18,AACAGACGCCTAA,J18,77,Male,Unstimulated
PD195-2_Tcells_765k-sample2_P7_J20,ATTGGACAGGGCA,J20,77,Male,Unstimulated
PD195-2_Tcells_765k-sample2_P7_J22,AAAATTCAGTATA,J22,77,Male,Unstimulated
PD195-2_Tcells_765k-sample2_P7_J24,ACTGTCGAAATAA,J24,77,Male,Unstimulated
PD195-2_Tcells_765k-sample2_P7_K02,TTGGGTATCAGGA,K02,77,Male,Unstimulated
PD195-2_Tcells_765k-sample2_P7_K04,TGCTATCAGTCTA,K04,77,Male,Unstimulated
PD195-2_Tcells_765k-sample2_P7_K06,TAAGGCGGTAAGA,K06,77,Male,Unstimulated
PD195-2_Tcells_765k-sample2_P7_K08,TCGATTGGGTTTA,K08,77,Male,Unstimulated
PD195-2_Tcells_765k-sample2_P7_K10,TTGCCCAGCATAA,K10,77,Male,Unstimulated
PD195-2_Tcells_765k-sample2_P7_K12,TGCACTGGGCGCA,K12,77,Male,Unstimulated
PD195-2_Tcells_765k-sample2_P7_K14,TATGGGAATAAAA,K14,77,Male,Unstimulated
PD195-2_Tcells_765k-sample2_P7_K16,TCTACCCGGTTGA,K16,77,Male,Unstimulated
PD195-2_Tcells_765k-sample2_P7_K18,TCATCCAGATCAC,K18,77,Male,Unstimulated
PD195-2_Tcells_765k-sample2_P7_K20,TGAAGCAATTAGC,K20,77,Male,Unstimulated
PD195-2_Tcells_765k-sample2_P7_K22,TATGGCGTCCTTC,K22,77,Male,Unstimulated
PD195-2_Tcells_765k-sample2_P7_K24,TCAATATATTGAC,K24,77,Male,Unstimulated
PD195-2_Tcells_765k-sample2_P7_L02,TTTGGACGACCGC,L02,77,Male,Unstimulated
PD195-2_Tcells_765k-sample2_P7_L04,TGATTGACCAAAC,L04,77,Male,Unstimulated
PD195-2_Tcells_765k-sample2_P7_L06,TCGAACATACCTC,L06,77,Male,Unstimulated
PD195-2_Tcells_765k-sample2_P7_L08,TTTCATCCAATAC,L08,77,Male,Unstimulated
PD195-2_Tcells_765k-sample2_P7_L10,TGCGGGAAAGGCC,L10,77,Male,Unstimulated
PD195-2_Tcells_765k-sample2_P7_L12,TCAGGGATCACTC,L12,77,Male,Unstimulated
PD195-2_Tcells_765k-sample2_P7_L14,TGTGTTACTTCCC,L14,77,Male,Unstimulated
PD195-2_Tcells_765k-sample2_P7_L16,TACGGGTGTTGAC,L16,77,Male,Unstimulated
PD195-2_Tcells_765k-sample2_P7_L18,TCCTGATGGTAGC,L18,77,Male,Unstimulated
PD195-2_Tcells_765k-sample2_P7_L20,TTTCGTGCTTTCC,L20,77,Male,Unstimulated
PD195-2_Tcells_765k-sample2_P7_L22,TGACGCGACGATC,L22,77,Male,Unstimulated
PD195-2_Tcells_765k-sample2_P7_L24,TATTGTTAACGAC,L24,77,Male,Unstimulated
PD195-2_Tcells_765k-sample2_P7_M02,CCAAGCGCGTCCC,M02,77,Male,Stimulated
PD195-2_Tcells_765k-sample2_P7_M04,CTTATCGTCAAGC,M04,77,Male,Stimulated
PD195-2_Tcells_765k-sample2_P7_M06,CCTAGAAGTCGAC,M06,77,Male,Stimulated
PD195-2_Tcells_765k-sample2_P7_M08,CTCGGCATGATCC,M08,77,Male,Stimulated
PD195-2_Tcells_765k-sample2_P7_M10,CGACGGCGCACAC,M10,77,Male,Stimulated
PD195-2_Tcells_765k-sample2_P7_M12,CAGACCGTGGACC,M12,77,Male,Stimulated
PD195-2_Tcells_765k-sample2_P7_M14,CCAGGTGACGGCC,M14,77,Male,Stimulated
PD195-2_Tcells_765k-sample2_P7_M16,CTCGTGTCGGAGC,M16,77,Male,Stimulated
PD195-2_Tcells_765k-sample2_P7_M18,CTTTCGTGTAGAC,M18,77,Male,Stimulated
PD195-2_Tcells_765k-sample2_P7_M20,CGCCAGTGCTTTC,M20,77,Male,Stimulated
PD195-2_Tcells_765k-sample2_P7_M22,CATGTTGCGGGAC,M22,77,Male,Stimulated
PD195-2_Tcells_765k-sample2_P7_M24,CCGCTTGTATAGC,M24,77,Male,Stimulated
PD195-2_Tcells_765k-sample2_P7_N02,CTCGTCACTGGCC,N02,77,Male,Stimulated
PD195-2_Tcells_765k-sample2_P7_N04,CGCTTTTACTGAC,N04,77,Male,Stimulated
PD195-2_Tcells_765k-sample2_P7_N06,CAGCAGGGACGCC,N06,77,Male,Stimulated
PD195-2_Tcells_765k-sample2_P7_N08,CCCGCTCGACTAC,N08,77,Male,Stimulated
PD195-2_Tcells_765k-sample2_P7_N10,CTTCTGATTTTGG,N10,77,Male,Stimulated
PD195-2_Tcells_765k-sample2_P7_N12,CGATGTGCGTGTG,N12,77,Male,Stimulated
PD195-2_Tcells_765k-sample2_P7_N14,CACCCCGCTCCTG,N14,77,Male,Stimulated
PD195-2_Tcells_765k-sample2_P7_N16,CCAGATTGTAACG,N16,77,Male,Stimulated
PD195-2_Tcells_765k-sample2_P7_N18,CTGCTCCACCAAG,N18,77,Male,Stimulated
PD195-2_Tcells_765k-sample2_P7_N20,CGCGATATTCGGG,N20,77,Male,Stimulated
PD195-2_Tcells_765k-sample2_P7_N22,CACAGGGGCAACG,N22,77,Male,Stimulated
PD195-2_Tcells_765k-sample2_P7_N24,CCTCTGATCCGTG,N24,77,Male,Stimulated
PD195-2_Tcells_765k-sample2_P7_O02,GTCATTGACTTGG,O02,77,Male,Stimulated
PD195-2_Tcells_765k-sample2_P7_O04,GGGAAATCGTACG,O04,77,Male,Stimulated
PD195-2_Tcells_765k-sample2_P7_O06,GAACTTACTGCGG,O06,77,Male,Stimulated
PD195-2_Tcells_765k-sample2_P7_O08,GCGACGGATTAAG,O08,77,Male,Stimulated
PD195-2_Tcells_765k-sample2_P7_O10,GTTGCGATGTCCG,O10,77,Male,Stimulated
PD195-2_Tcells_765k-sample2_P7_O12,GGGATCGCACAGG,O12,77,Male,Stimulated
PD195-2_Tcells_765k-sample2_P7_O14,GACCAAATTGTAG,O14,77,Male,Stimulated
PD195-2_Tcells_765k-sample2_P7_O16,GCTGGTCAGTTTG,O16,77,Male,Stimulated
PD195-2_Tcells_765k-sample2_P7_O18,GGCCAAGGCGCCG,O18,77,Male,Stimulated
PD195-2_Tcells_765k-sample2_P7_O20,GATGTAAGTCTTG,O20,77,Male,Stimulated
PD195-2_Tcells_765k-sample2_P7_O22,GGGTGCTCCACAG,O22,77,Male,Stimulated
PD195-2_Tcells_765k-sample2_P7_O24,GCTGGTAGAGGTG,O24,77,Male,Stimulated
PD195-2_Tcells_765k-sample2_P7_P02,GGCAGATTCCAGG,P02,77,Male,Stimulated
PD195-2_Tcells_765k-sample2_P7_P04,GATGGTTGCAATG,P04,77,Male,Stimulated
PD195-2_Tcells_765k-sample2_P7_P06,GGCGGGTAGATAG,P06,77,Male,Stimulated
PD195-2_Tcells_765k-sample2_P7_P08,GCCACTCTTGGGG,P08,77,Male,Stimulated
PD195-2_Tcells_765k-sample2_P7_P10,GGTGAGGTATGTG,P10,77,Male,Stimulated
PD195-2_Tcells_765k-sample2_P7_P12,GAACGTTTATACG,P12,77,Male,Stimulated
PD195-2_Tcells_765k-sample2_P7_P14,GGTGCCGCCAGCG,P14,77,Male,Stimulated
PD195-2_Tcells_765k-sample2_P7_P16,GCGCGTTACTCAG,P16,77,Male,Stimulated
PD195-2_Tcells_765k-sample2_P7_P18,GTGATTGATGGAG,P18,77,Male,Stimulated
PD195-2_Tcells_765k-sample2_P7_P20,GGTTACGGGCCGG,P20,77,Male,Stimulated
PD195-2_Tcells_765k-sample2_P7_P22,GACCAGCATACAG,P22,77,Male,Stimulated
PD195-2_Tcells_765k-sample2_P7_P24,GCGAGTTTAATGG,P24,77,Male,Stimulated
