sample_name,plate_name,plate_well,cell_line,oligo_ID,oligo_seq[5'>3'],index_ID,index_seq,fixed_base1_N,fixed_base2_V,combinatorial_barcode
PD190_humanmouse_A01,01-08_SCIFI_RT384_plate1,A01,Jurkat-Cas9-TCR,01-08_SCIFI_RT384_001,[5'phos]ACACTCTTTCCCTACACGACGCTCTTCCGATCTNNNNNNNNAAGTGATTAGCAATTTTTTTTTTTTTTTTTTTTTTTTTTTTTTVN,SASI_001,AGTGATTAGCA,A,A,AAGTGATTAGCAA
PD190_humanmouse_A02,01-08_SCIFI_RT384_plate1,A02,Jurkat-Cas9-TCR,01-08_SCIFI_RT384_002,[5'phos]ACACTCTTTCCCTACACGACGCTCTTCCGATCTNNNNNNNNAGAATCCCCCTAATTTTTTTTTTTTTTTTTTTTTTTTTTTTTTVN,SASI_002,GAATCCCCCTA,A,A,AGAATCCCCCTAA
PD190_humanmouse_A03,01-08_SCIFI_RT384_plate1,A03,3T3,01-08_SCIFI_RT384_003,[5'phos]ACACTCTTTCCCTACACGACGCTCTTCCGATCTNNNNNNNNACCTGGGAAACTATTTTTTTTTTTTTTTTTTTTTTTTTTTTTTVN,SASI_003,CCTGGGAAACT,A,A,ACCTGGGAAACTA
PD190_humanmouse_A04,01-08_SCIFI_RT384_plate1,A04,3T3,01-08_SCIFI_RT384_004,[5'phos]ACACTCTTTCCCTACACGACGCTCTTCCGATCTNNNNNNNNATACCTCCCAGGATTTTTTTTTTTTTTTTTTTTTTTTTTTTTTVN,SASI_004,TACCTCCCAGG,A,A,ATACCTCCCAGGA
PD190_humanmouse_A05,01-08_SCIFI_RT384_plate1,A05,HEK293T,01-08_SCIFI_RT384_005,[5'phos]ACACTCTTTCCCTACACGACGCTCTTCCGATCTNNNNNNNNAATTTGTGGTATATTTTTTTTTTTTTTTTTTTTTTTTTTTTTTVN,SASI_005,ATTTGTGGTAT,A,A,AATTTGTGGTATA
PD190_humanmouse_A06,01-08_SCIFI_RT384_plate1,A06,HEK293T,01-08_SCIFI_RT384_006,[5'phos]ACACTCTTTCCCTACACGACGCTCTTCCGATCTNNNNNNNNACCCGAGAGATCATTTTTTTTTTTTTTTTTTTTTTTTTTTTTTVN,SASI_006,CCCGAGAGATC,A,A,ACCCGAGAGATCA
PD190_humanmouse_A07,01-08_SCIFI_RT384_plate1,A07,K562,01-08_SCIFI_RT384_007,[5'phos]ACACTCTTTCCCTACACGACGCTCTTCCGATCTNNNNNNNNAGAGTATAGGGTATTTTTTTTTTTTTTTTTTTTTTTTTTTTTTVN,SASI_007,GAGTATAGGGT,A,A,AGAGTATAGGGTA
PD190_humanmouse_A08,01-08_SCIFI_RT384_plate1,A08,K562,01-08_SCIFI_RT384_008,[5'phos]ACACTCTTTCCCTACACGACGCTCTTCCGATCTNNNNNNNNATCTTAATTGAGATTTTTTTTTTTTTTTTTTTTTTTTTTTTTTVN,SASI_008,TCTTAATTGAG,A,A,ATCTTAATTGAGA
PD190_humanmouse_A09,01-08_SCIFI_RT384_plate1,A09,NALM-6,01-08_SCIFI_RT384_009,[5'phos]ACACTCTTTCCCTACACGACGCTCTTCCGATCTNNNNNNNNAACGTTCTGTCGATTTTTTTTTTTTTTTTTTTTTTTTTTTTTTVN,SASI_009,ACGTTCTGTCG,A,A,AACGTTCTGTCGA
PD190_humanmouse_A10,01-08_SCIFI_RT384_plate1,A10,NALM-6,01-08_SCIFI_RT384_010,[5'phos]ACACTCTTTCCCTACACGACGCTCTTCCGATCTNNNNNNNNACATAATGGCGAATTTTTTTTTTTTTTTTTTTTTTTTTTTTTTVN,SASI_010,CATAATGGCGA,A,A,ACATAATGGCGAA
PD190_humanmouse_A11,01-08_SCIFI_RT384_plate1,A11,HL-60,01-08_SCIFI_RT384_011,[5'phos]ACACTCTTTCCCTACACGACGCTCTTCCGATCTNNNNNNNNAGGCCGGAACATATTTTTTTTTTTTTTTTTTTTTTTTTTTTTTVN,SASI_011,GGCCGGAACAT,A,A,AGGCCGGAACATA
PD190_humanmouse_A12,01-08_SCIFI_RT384_plate1,A12,HL-60,01-08_SCIFI_RT384_012,[5'phos]ACACTCTTTCCCTACACGACGCTCTTCCGATCTNNNNNNNNATCACTTCAAGAATTTTTTTTTTTTTTTTTTTTTTTTTTTTTTVN,SASI_012,TCACTTCAAGA,A,A,ATCACTTCAAGAA
PD190_humanmouse_B01,01-08_SCIFI_RT384_plate1,B01,Jurkat-Cas9-TCR,01-08_SCIFI_RT384_013,[5'phos]ACACTCTTTCCCTACACGACGCTCTTCCGATCTNNNNNNNNAAGCTGGCCTTCATTTTTTTTTTTTTTTTTTTTTTTTTTTTTTVN,SASI_013,AGCTGGCCTTC,A,A,AAGCTGGCCTTCA
PD190_humanmouse_B02,01-08_SCIFI_RT384_plate1,B02,Jurkat-Cas9-TCR,01-08_SCIFI_RT384_014,[5'phos]ACACTCTTTCCCTACACGACGCTCTTCCGATCTNNNNNNNNACTGCACATTGGATTTTTTTTTTTTTTTTTTTTTTTTTTTTTTVN,SASI_014,CTGCACATTGG,A,A,ACTGCACATTGGA
PD190_humanmouse_B03,01-08_SCIFI_RT384_plate1,B03,3T3,01-08_SCIFI_RT384_015,[5'phos]ACACTCTTTCCCTACACGACGCTCTTCCGATCTNNNNNNNNAGGTCCTTCGATATTTTTTTTTTTTTTTTTTTTTTTTTTTTTTVN,SASI_015,GGTCCTTCGAT,A,A,AGGTCCTTCGATA
PD190_humanmouse_B04,01-08_SCIFI_RT384_plate1,B04,3T3,01-08_SCIFI_RT384_016,[5'phos]ACACTCTTTCCCTACACGACGCTCTTCCGATCTNNNNNNNNATTCGCACCCGAATTTTTTTTTTTTTTTTTTTTTTTTTTTTTTVN,SASI_016,TTCGCACCCGA,A,A,ATTCGCACCCGAA
PD190_humanmouse_B05,01-08_SCIFI_RT384_plate1,B05,HEK293T,01-08_SCIFI_RT384_017,[5'phos]ACACTCTTTCCCTACACGACGCTCTTCCGATCTNNNNNNNNACCGTAAATTACATTTTTTTTTTTTTTTTTTTTTTTTTTTTTTVN,SASI_017,CCGTAAATTAC,A,A,ACCGTAAATTACA
PD190_humanmouse_B06,01-08_SCIFI_RT384_plate1,B06,HEK293T,01-08_SCIFI_RT384_018,[5'phos]ACACTCTTTCCCTACACGACGCTCTTCCGATCTNNNNNNNNAGTAGTCGATATATTTTTTTTTTTTTTTTTTTTTTTTTTTTTTVN,SASI_018,GTAGTCGATAT,A,A,AGTAGTCGATATA
PD190_humanmouse_B07,01-08_SCIFI_RT384_plate1,B07,K562,01-08_SCIFI_RT384_019,[5'phos]ACACTCTTTCCCTACACGACGCTCTTCCGATCTNNNNNNNNATGTAAGAATCAATTTTTTTTTTTTTTTTTTTTTTTTTTTTTTVN,SASI_019,TGTAAGAATCA,A,A,ATGTAAGAATCAA
PD190_humanmouse_B08,01-08_SCIFI_RT384_plate1,B08,K562,01-08_SCIFI_RT384_020,[5'phos]ACACTCTTTCCCTACACGACGCTCTTCCGATCTNNNNNNNNAAGGCCCGCCGTATTTTTTTTTTTTTTTTTTTTTTTTTTTTTTVN,SASI_020,AGGCCCGCCGT,A,A,AAGGCCCGCCGTA
PD190_humanmouse_B09,01-08_SCIFI_RT384_plate1,B09,NALM-6,01-08_SCIFI_RT384_021,[5'phos]ACACTCTTTCCCTACACGACGCTCTTCCGATCTNNNNNNNNACTCCACGCAAGATTTTTTTTTTTTTTTTTTTTTTTTTTTTTTVN,SASI_021,CTCCACGCAAG,A,A,ACTCCACGCAAGA
PD190_humanmouse_B10,01-08_SCIFI_RT384_plate1,B10,NALM-6,01-08_SCIFI_RT384_022,[5'phos]ACACTCTTTCCCTACACGACGCTCTTCCGATCTNNNNNNNNAGTCTTTGATTAATTTTTTTTTTTTTTTTTTTTTTTTTTTTTTVN,SASI_022,GTCTTTGATTA,A,A,AGTCTTTGATTAA
PD190_humanmouse_B11,01-08_SCIFI_RT384_plate1,B11,HL-60,01-08_SCIFI_RT384_023,[5'phos]ACACTCTTTCCCTACACGACGCTCTTCCGATCTNNNNNNNNATAGAGCCCGCCATTTTTTTTTTTTTTTTTTTTTTTTTTTTTTVN,SASI_023,TAGAGCCCGCC,A,A,ATAGAGCCCGCCA
PD190_humanmouse_B12,01-08_SCIFI_RT384_plate1,B12,HL-60,01-08_SCIFI_RT384_024,[5'phos]ACACTCTTTCCCTACACGACGCTCTTCCGATCTNNNNNNNNAAGAAATGGAGGATTTTTTTTTTTTTTTTTTTTTTTTTTTTTTVN,SASI_024,AGAAATGGAGG,A,A,AAGAAATGGAGGA
PD190_humanmouse_C01,01-08_SCIFI_RT384_plate1,C01,Jurkat-Cas9-TCR,01-08_SCIFI_RT384_025,[5'phos]ACACTCTTTCCCTACACGACGCTCTTCCGATCTNNNNNNNNTCAGCGCTGGTTATTTTTTTTTTTTTTTTTTTTTTTTTTTTTTVN,SASI_025,CAGCGCTGGTT,T,A,TCAGCGCTGGTTA
PD190_humanmouse_C02,01-08_SCIFI_RT384_plate1,C02,Jurkat-Cas9-TCR,01-08_SCIFI_RT384_026,[5'phos]ACACTCTTTCCCTACACGACGCTCTTCCGATCTNNNNNNNNTGTTGACGAATAATTTTTTTTTTTTTTTTTTTTTTTTTTTTTTVN,SASI_026,GTTGACGAATA,T,A,TGTTGACGAATAA
PD190_humanmouse_C03,01-08_SCIFI_RT384_plate1,C03,3T3,01-08_SCIFI_RT384_027,[5'phos]ACACTCTTTCCCTACACGACGCTCTTCCGATCTNNNNNNNNTTGCATCAGCGCATTTTTTTTTTTTTTTTTTTTTTTTTTTTTTVN,SASI_027,TGCATCAGCGC,T,A,TTGCATCAGCGCA
PD190_humanmouse_C04,01-08_SCIFI_RT384_plate1,C04,3T3,01-08_SCIFI_RT384_028,[5'phos]ACACTCTTTCCCTACACGACGCTCTTCCGATCTNNNNNNNNTAGCCATATGAGATTTTTTTTTTTTTTTTTTTTTTTTTTTTTTVN,SASI_028,AGCCATATGAG,T,A,TAGCCATATGAGA
PD190_humanmouse_C05,01-08_SCIFI_RT384_plate1,C05,HEK293T,01-08_SCIFI_RT384_029,[5'phos]ACACTCTTTCCCTACACGACGCTCTTCCGATCTNNNNNNNNTCCTGCCCCTGTATTTTTTTTTTTTTTTTTTTTTTTTTTTTTTVN,SASI_029,CCTGCCCCTGT,T,A,TCCTGCCCCTGTA
PD190_humanmouse_C06,01-08_SCIFI_RT384_plate1,C06,HEK293T,01-08_SCIFI_RT384_030,[5'phos]ACACTCTTTCCCTACACGACGCTCTTCCGATCTNNNNNNNNTGGTATAAAACCATTTTTTTTTTTTTTTTTTTTTTTTTTTTTTVN,SASI_030,GGTATAAAACC,T,A,TGGTATAAAACCA
PD190_humanmouse_C07,01-08_SCIFI_RT384_plate1,C07,K562,01-08_SCIFI_RT384_031,[5'phos]ACACTCTTTCCCTACACGACGCTCTTCCGATCTNNNNNNNNTTAAAGTCATGCATTTTTTTTTTTTTTTTTTTTTTTTTTTTTTVN,SASI_031,TAAAGTCATGC,T,A,TTAAAGTCATGCA
PD190_humanmouse_C08,01-08_SCIFI_RT384_plate1,C08,K562,01-08_SCIFI_RT384_032,[5'phos]ACACTCTTTCCCTACACGACGCTCTTCCGATCTNNNNNNNNTAGAACTCAGAAATTTTTTTTTTTTTTTTTTTTTTTTTTTTTTVN,SASI_032,AGAACTCAGAA,T,A,TAGAACTCAGAAA
PD190_humanmouse_C09,01-08_SCIFI_RT384_plate1,C09,NALM-6,01-08_SCIFI_RT384_033,[5'phos]ACACTCTTTCCCTACACGACGCTCTTCCGATCTNNNNNNNNTCAGCTTAATCGCTTTTTTTTTTTTTTTTTTTTTTTTTTTTTTVN,SASI_033,CAGCTTAATCG,T,C,TCAGCTTAATCGC
PD190_humanmouse_C10,01-08_SCIFI_RT384_plate1,C10,NALM-6,01-08_SCIFI_RT384_034,[5'phos]ACACTCTTTCCCTACACGACGCTCTTCCGATCTNNNNNNNNTGGCTTAAGAGACTTTTTTTTTTTTTTTTTTTTTTTTTTTTTTVN,SASI_034,GGCTTAAGAGA,T,C,TGGCTTAAGAGAC
PD190_humanmouse_C11,01-08_SCIFI_RT384_plate1,C11,HL-60,01-08_SCIFI_RT384_035,[5'phos]ACACTCTTTCCCTACACGACGCTCTTCCGATCTNNNNNNNNTTCACCTGTCGGCTTTTTTTTTTTTTTTTTTTTTTTTTTTTTTVN,SASI_035,TCACCTGTCGG,T,C,TTCACCTGTCGGC
PD190_humanmouse_C12,01-08_SCIFI_RT384_plate1,C12,HL-60,01-08_SCIFI_RT384_036,[5'phos]ACACTCTTTCCCTACACGACGCTCTTCCGATCTNNNNNNNNTATAGTGATACTCTTTTTTTTTTTTTTTTTTTTTTTTTTTTTTVN,SASI_036,ATAGTGATACT,T,C,TATAGTGATACTC
PD190_humanmouse_D01,01-08_SCIFI_RT384_plate1,D01,Jurkat-Cas9-TCR,01-08_SCIFI_RT384_037,[5'phos]ACACTCTTTCCCTACACGACGCTCTTCCGATCTNNNNNNNNTCATCAGCGAACCTTTTTTTTTTTTTTTTTTTTTTTTTTTTTTVN,SASI_037,CATCAGCGAAC,T,C,TCATCAGCGAACC
PD190_humanmouse_D02,01-08_SCIFI_RT384_plate1,D02,Jurkat-Cas9-TCR,01-08_SCIFI_RT384_038,[5'phos]ACACTCTTTCCCTACACGACGCTCTTCCGATCTNNNNNNNNTGCGCCATGGGACTTTTTTTTTTTTTTTTTTTTTTTTTTTTTTVN,SASI_038,GCGCCATGGGA,T,C,TGCGCCATGGGAC
PD190_humanmouse_D03,01-08_SCIFI_RT384_plate1,D03,3T3,01-08_SCIFI_RT384_039,[5'phos]ACACTCTTTCCCTACACGACGCTCTTCCGATCTNNNNNNNNTTGTTGAACTCCCTTTTTTTTTTTTTTTTTTTTTTTTTTTTTTVN,SASI_039,TGTTGAACTCC,T,C,TTGTTGAACTCCC
PD190_humanmouse_D04,01-08_SCIFI_RT384_plate1,D04,3T3,01-08_SCIFI_RT384_040,[5'phos]ACACTCTTTCCCTACACGACGCTCTTCCGATCTNNNNNNNNTATATACGCAGTCTTTTTTTTTTTTTTTTTTTTTTTTTTTTTTVN,SASI_040,ATATACGCAGT,T,C,TATATACGCAGTC
PD190_humanmouse_D05,01-08_SCIFI_RT384_plate1,D05,HEK293T,01-08_SCIFI_RT384_041,[5'phos]ACACTCTTTCCCTACACGACGCTCTTCCGATCTNNNNNNNNTCGCACGACGTACTTTTTTTTTTTTTTTTTTTTTTTTTTTTTTVN,SASI_041,CGCACGACGTA,T,C,TCGCACGACGTAC
PD190_humanmouse_D06,01-08_SCIFI_RT384_plate1,D06,HEK293T,01-08_SCIFI_RT384_042,[5'phos]ACACTCTTTCCCTACACGACGCTCTTCCGATCTNNNNNNNNTGGGACAGAAGGCTTTTTTTTTTTTTTTTTTTTTTTTTTTTTTVN,SASI_042,GGGACAGAAGG,T,C,TGGGACAGAAGGC
PD190_humanmouse_D07,01-08_SCIFI_RT384_plate1,D07,K562,01-08_SCIFI_RT384_043,[5'phos]ACACTCTTTCCCTACACGACGCTCTTCCGATCTNNNNNNNNTTTAACAAGTATCTTTTTTTTTTTTTTTTTTTTTTTTTTTTTTVN,SASI_043,TTAACAAGTAT,T,C,TTTAACAAGTATC
PD190_humanmouse_D08,01-08_SCIFI_RT384_plate1,D08,K562,01-08_SCIFI_RT384_044,[5'phos]ACACTCTTTCCCTACACGACGCTCTTCCGATCTNNNNNNNNTACTCCTGGGTACTTTTTTTTTTTTTTTTTTTTTTTTTTTTTTVN,SASI_044,ACTCCTGGGTA,T,C,TACTCCTGGGTAC
PD190_humanmouse_D09,01-08_SCIFI_RT384_plate1,D09,NALM-6,01-08_SCIFI_RT384_045,[5'phos]ACACTCTTTCCCTACACGACGCTCTTCCGATCTNNNNNNNNTCAGAAAACCCCCTTTTTTTTTTTTTTTTTTTTTTTTTTTTTTVN,SASI_045,CAGAAAACCCC,T,C,TCAGAAAACCCCC
PD190_humanmouse_D10,01-08_SCIFI_RT384_plate1,D10,NALM-6,01-08_SCIFI_RT384_046,[5'phos]ACACTCTTTCCCTACACGACGCTCTTCCGATCTNNNNNNNNTGCACGAGCAGTCTTTTTTTTTTTTTTTTTTTTTTTTTTTTTTVN,SASI_046,GCACGAGCAGT,T,C,TGCACGAGCAGTC
PD190_humanmouse_D11,01-08_SCIFI_RT384_plate1,D11,HL-60,01-08_SCIFI_RT384_047,[5'phos]ACACTCTTTCCCTACACGACGCTCTTCCGATCTNNNNNNNNTTATTATGCTTCCTTTTTTTTTTTTTTTTTTTTTTTTTTTTTTVN,SASI_047,TATTATGCTTC,T,C,TTATTATGCTTCC
PD190_humanmouse_D12,01-08_SCIFI_RT384_plate1,D12,HL-60,01-08_SCIFI_RT384_048,[5'phos]ACACTCTTTCCCTACACGACGCTCTTCCGATCTNNNNNNNNTAGCGACTGTATCTTTTTTTTTTTTTTTTTTTTTTTTTTTTTTVN,SASI_048,AGCGACTGTAT,T,C,TAGCGACTGTATC
PD190_humanmouse_E01,01-08_SCIFI_RT384_plate1,E01,Jurkat-Cas9-TCR,01-08_SCIFI_RT384_049,[5'phos]ACACTCTTTCCCTACACGACGCTCTTCCGATCTNNNNNNNNCCCTTGCGACAGCTTTTTTTTTTTTTTTTTTTTTTTTTTTTTTVN,SASI_049,CCTTGCGACAG,C,C,CCCTTGCGACAGC
PD190_humanmouse_E02,01-08_SCIFI_RT384_plate1,E02,Jurkat-Cas9-TCR,01-08_SCIFI_RT384_050,[5'phos]ACACTCTTTCCCTACACGACGCTCTTCCGATCTNNNNNNNNCGTTAGATTGCACTTTTTTTTTTTTTTTTTTTTTTTTTTTTTTVN,SASI_050,GTTAGATTGCA,C,C,CGTTAGATTGCAC
PD190_humanmouse_E03,01-08_SCIFI_RT384_plate1,E03,3T3,01-08_SCIFI_RT384_051,[5'phos]ACACTCTTTCCCTACACGACGCTCTTCCGATCTNNNNNNNNCTAAATACCATCCTTTTTTTTTTTTTTTTTTTTTTTTTTTTTTVN,SASI_051,TAAATACCATC,C,C,CTAAATACCATCC
PD190_humanmouse_E04,01-08_SCIFI_RT384_plate1,E04,3T3,01-08_SCIFI_RT384_052,[5'phos]ACACTCTTTCCCTACACGACGCTCTTCCGATCTNNNNNNNNCATATTTTTTAGCTTTTTTTTTTTTTTTTTTTTTTTTTTTTTTVN,SASI_052,ATATTTTTTAG,C,C,CATATTTTTTAGC
PD190_humanmouse_E05,01-08_SCIFI_RT384_plate1,E05,HEK293T,01-08_SCIFI_RT384_053,[5'phos]ACACTCTTTCCCTACACGACGCTCTTCCGATCTNNNNNNNNCCCCTAAACGCTCTTTTTTTTTTTTTTTTTTTTTTTTTTTTTTVN,SASI_053,CCCTAAACGCT,C,C,CCCCTAAACGCTC
PD190_humanmouse_E06,01-08_SCIFI_RT384_plate1,E06,HEK293T,01-08_SCIFI_RT384_054,[5'phos]ACACTCTTTCCCTACACGACGCTCTTCCGATCTNNNNNNNNCGATTGTTAGGACTTTTTTTTTTTTTTTTTTTTTTTTTTTTTTVN,SASI_054,GATTGTTAGGA,C,C,CGATTGTTAGGAC
PD190_humanmouse_E07,01-08_SCIFI_RT384_plate1,E07,K562,01-08_SCIFI_RT384_055,[5'phos]ACACTCTTTCCCTACACGACGCTCTTCCGATCTNNNNNNNNCTACCGAGTCTCCTTTTTTTTTTTTTTTTTTTTTTTTTTTTTTVN,SASI_055,TACCGAGTCTC,C,C,CTACCGAGTCTCC
PD190_humanmouse_E08,01-08_SCIFI_RT384_plate1,E08,K562,01-08_SCIFI_RT384_056,[5'phos]ACACTCTTTCCCTACACGACGCTCTTCCGATCTNNNNNNNNCAGAACAAATTGCTTTTTTTTTTTTTTTTTTTTTTTTTTTTTTVN,SASI_056,AGAACAAATTG,C,C,CAGAACAAATTGC
PD190_humanmouse_E09,01-08_SCIFI_RT384_plate1,E09,NALM-6,01-08_SCIFI_RT384_057,[5'phos]ACACTCTTTCCCTACACGACGCTCTTCCGATCTNNNNNNNNCCTTGATCTCATCTTTTTTTTTTTTTTTTTTTTTTTTTTTTTTVN,SASI_057,CTTGATCTCAT,C,C,CCTTGATCTCATC
PD190_humanmouse_E10,01-08_SCIFI_RT384_plate1,E10,NALM-6,01-08_SCIFI_RT384_058,[5'phos]ACACTCTTTCCCTACACGACGCTCTTCCGATCTNNNNNNNNCGCCACGCGTTACTTTTTTTTTTTTTTTTTTTTTTTTTTTTTTVN,SASI_058,GCCACGCGTTA,C,C,CGCCACGCGTTAC
PD190_humanmouse_E11,01-08_SCIFI_RT384_plate1,E11,HL-60,01-08_SCIFI_RT384_059,[5'phos]ACACTCTTTCCCTACACGACGCTCTTCCGATCTNNNNNNNNCTATAGATACGGCTTTTTTTTTTTTTTTTTTTTTTTTTTTTTTVN,SASI_059,TATAGATACGG,C,C,CTATAGATACGGC
PD190_humanmouse_E12,01-08_SCIFI_RT384_plate1,E12,HL-60,01-08_SCIFI_RT384_060,[5'phos]ACACTCTTTCCCTACACGACGCTCTTCCGATCTNNNNNNNNCATACCCAGCCACTTTTTTTTTTTTTTTTTTTTTTTTTTTTTTVN,SASI_060,ATACCCAGCCA,C,C,CATACCCAGCCAC
PD190_humanmouse_F01,01-08_SCIFI_RT384_plate1,F01,Jurkat-Cas9-TCR,01-08_SCIFI_RT384_061,[5'phos]ACACTCTTTCCCTACACGACGCTCTTCCGATCTNNNNNNNNCCCCGGATGTACCTTTTTTTTTTTTTTTTTTTTTTTTTTTTTTVN,SASI_061,CCCGGATGTAC,C,C,CCCCGGATGTACC
PD190_humanmouse_F02,01-08_SCIFI_RT384_plate1,F02,Jurkat-Cas9-TCR,01-08_SCIFI_RT384_062,[5'phos]ACACTCTTTCCCTACACGACGCTCTTCCGATCTNNNNNNNNCGATCTCGGCTTCTTTTTTTTTTTTTTTTTTTTTTTTTTTTTTVN,SASI_062,GATCTCGGCTT,C,C,CGATCTCGGCTTC
PD190_humanmouse_F03,01-08_SCIFI_RT384_plate1,F03,3T3,01-08_SCIFI_RT384_063,[5'phos]ACACTCTTTCCCTACACGACGCTCTTCCGATCTNNNNNNNNCTAGCCGCTTTGCTTTTTTTTTTTTTTTTTTTTTTTTTTTTTTVN,SASI_063,TAGCCGCTTTG,C,C,CTAGCCGCTTTGC
PD190_humanmouse_F04,01-08_SCIFI_RT384_plate1,F04,3T3,01-08_SCIFI_RT384_064,[5'phos]ACACTCTTTCCCTACACGACGCTCTTCCGATCTNNNNNNNNCCTAAATACAGCCTTTTTTTTTTTTTTTTTTTTTTTTTTTTTTVN,SASI_064,CTAAATACAGC,C,C,CCTAAATACAGCC
PD190_humanmouse_F05,01-08_SCIFI_RT384_plate1,F05,HEK293T,01-08_SCIFI_RT384_065,[5'phos]ACACTCTTTCCCTACACGACGCTCTTCCGATCTNNNNNNNNCGGGTTTTACCAGTTTTTTTTTTTTTTTTTTTTTTTTTTTTTTVN,SASI_065,GGGTTTTACCA,C,G,CGGGTTTTACCAG
PD190_humanmouse_F06,01-08_SCIFI_RT384_plate1,F06,HEK293T,01-08_SCIFI_RT384_066,[5'phos]ACACTCTTTCCCTACACGACGCTCTTCCGATCTNNNNNNNNCATATCCATTGCGTTTTTTTTTTTTTTTTTTTTTTTTTTTTTTVN,SASI_066,ATATCCATTGC,C,G,CATATCCATTGCG
PD190_humanmouse_F07,01-08_SCIFI_RT384_plate1,F07,K562,01-08_SCIFI_RT384_067,[5'phos]ACACTCTTTCCCTACACGACGCTCTTCCGATCTNNNNNNNNCCTCCCGAGAGTGTTTTTTTTTTTTTTTTTTTTTTTTTTTTTTVN,SASI_067,CTCCCGAGAGT,C,G,CCTCCCGAGAGTG
PD190_humanmouse_F08,01-08_SCIFI_RT384_plate1,F08,K562,01-08_SCIFI_RT384_068,[5'phos]ACACTCTTTCCCTACACGACGCTCTTCCGATCTNNNNNNNNCGAATATCTCCGGTTTTTTTTTTTTTTTTTTTTTTTTTTTTTTVN,SASI_068,GAATATCTCCG,C,G,CGAATATCTCCGG
PD190_humanmouse_F09,01-08_SCIFI_RT384_plate1,F09,NALM-6,01-08_SCIFI_RT384_069,[5'phos]ACACTCTTTCCCTACACGACGCTCTTCCGATCTNNNNNNNNCTACTAACCCACGTTTTTTTTTTTTTTTTTTTTTTTTTTTTTTVN,SASI_069,TACTAACCCAC,C,G,CTACTAACCCACG
PD190_humanmouse_F10,01-08_SCIFI_RT384_plate1,F10,NALM-6,01-08_SCIFI_RT384_070,[5'phos]ACACTCTTTCCCTACACGACGCTCTTCCGATCTNNNNNNNNCAAATGATACAAGTTTTTTTTTTTTTTTTTTTTTTTTTTTTTTVN,SASI_070,AAATGATACAA,C,G,CAAATGATACAAG
PD190_humanmouse_F11,01-08_SCIFI_RT384_plate1,F11,HL-60,01-08_SCIFI_RT384_071,[5'phos]ACACTCTTTCCCTACACGACGCTCTTCCGATCTNNNNNNNNCCCCCATTATTTGTTTTTTTTTTTTTTTTTTTTTTTTTTTTTTVN,SASI_071,CCCCATTATTT,C,G,CCCCCATTATTTG
PD190_humanmouse_F12,01-08_SCIFI_RT384_plate1,F12,HL-60,01-08_SCIFI_RT384_072,[5'phos]ACACTCTTTCCCTACACGACGCTCTTCCGATCTNNNNNNNNCGAGTCGCGACGGTTTTTTTTTTTTTTTTTTTTTTTTTTTTTTVN,SASI_072,GAGTCGCGACG,C,G,CGAGTCGCGACGG
PD190_humanmouse_G01,01-08_SCIFI_RT384_plate1,G01,Jurkat-Cas9-TCR,01-08_SCIFI_RT384_073,[5'phos]ACACTCTTTCCCTACACGACGCTCTTCCGATCTNNNNNNNNGTGGTTGTGGCCGTTTTTTTTTTTTTTTTTTTTTTTTTTTTTTVN,SASI_073,TGGTTGTGGCC,G,G,GTGGTTGTGGCCG
PD190_humanmouse_G02,01-08_SCIFI_RT384_plate1,G02,Jurkat-Cas9-TCR,01-08_SCIFI_RT384_074,[5'phos]ACACTCTTTCCCTACACGACGCTCTTCCGATCTNNNNNNNNGATTCAAGGAAAGTTTTTTTTTTTTTTTTTTTTTTTTTTTTTTVN,SASI_074,ATTCAAGGAAA,G,G,GATTCAAGGAAAG
PD190_humanmouse_G03,01-08_SCIFI_RT384_plate1,G03,3T3,01-08_SCIFI_RT384_075,[5'phos]ACACTCTTTCCCTACACGACGCTCTTCCGATCTNNNNNNNNGCCAAGATCTGGGTTTTTTTTTTTTTTTTTTTTTTTTTTTTTTVN,SASI_075,CCAAGATCTGG,G,G,GCCAAGATCTGGG
PD190_humanmouse_G04,01-08_SCIFI_RT384_plate1,G04,3T3,01-08_SCIFI_RT384_076,[5'phos]ACACTCTTTCCCTACACGACGCTCTTCCGATCTNNNNNNNNGATACTGTATCAGTTTTTTTTTTTTTTTTTTTTTTTTTTTTTTVN,SASI_076,ATACTGTATCA,G,G,GATACTGTATCAG
PD190_humanmouse_G05,01-08_SCIFI_RT384_plate1,G05,HEK293T,01-08_SCIFI_RT384_077,[5'phos]ACACTCTTTCCCTACACGACGCTCTTCCGATCTNNNNNNNNGCCGATTCGTGCGTTTTTTTTTTTTTTTTTTTTTTTTTTTTTTVN,SASI_077,CCGATTCGTGC,G,G,GCCGATTCGTGCG
PD190_humanmouse_G06,01-08_SCIFI_RT384_plate1,G06,HEK293T,01-08_SCIFI_RT384_078,[5'phos]ACACTCTTTCCCTACACGACGCTCTTCCGATCTNNNNNNNNGTGACAACGCTGGTTTTTTTTTTTTTTTTTTTTTTTTTTTTTTVN,SASI_078,TGACAACGCTG,G,G,GTGACAACGCTGG
PD190_humanmouse_G07,01-08_SCIFI_RT384_plate1,G07,K562,01-08_SCIFI_RT384_079,[5'phos]ACACTCTTTCCCTACACGACGCTCTTCCGATCTNNNNNNNNGGGCTGTCTTATGTTTTTTTTTTTTTTTTTTTTTTTTTTTTTTVN,SASI_079,GGCTGTCTTAT,G,G,GGGCTGTCTTATG
PD190_humanmouse_G08,01-08_SCIFI_RT384_plate1,G08,K562,01-08_SCIFI_RT384_080,[5'phos]ACACTCTTTCCCTACACGACGCTCTTCCGATCTNNNNNNNNGACCCTGGCCTGGTTTTTTTTTTTTTTTTTTTTTTTTTTTTTTVN,SASI_080,ACCCTGGCCTG,G,G,GACCCTGGCCTGG
PD190_humanmouse_G09,01-08_SCIFI_RT384_plate1,G09,NALM-6,01-08_SCIFI_RT384_081,[5'phos]ACACTCTTTCCCTACACGACGCTCTTCCGATCTNNNNNNNNGCGTACGCTTATGTTTTTTTTTTTTTTTTTTTTTTTTTTTTTTVN,SASI_081,CGTACGCTTAT,G,G,GCGTACGCTTATG
PD190_humanmouse_G10,01-08_SCIFI_RT384_plate1,G10,NALM-6,01-08_SCIFI_RT384_082,[5'phos]ACACTCTTTCCCTACACGACGCTCTTCCGATCTNNNNNNNNGTTGCACTTAATGTTTTTTTTTTTTTTTTTTTTTTTTTTTTTTVN,SASI_082,TTGCACTTAAT,G,G,GTTGCACTTAATG
PD190_humanmouse_G11,01-08_SCIFI_RT384_plate1,G11,HL-60,01-08_SCIFI_RT384_083,[5'phos]ACACTCTTTCCCTACACGACGCTCTTCCGATCTNNNNNNNNGGACAAAGAGAAGTTTTTTTTTTTTTTTTTTTTTTTTTTTTTTVN,SASI_083,GACAAAGAGAA,G,G,GGACAAAGAGAAG
PD190_humanmouse_G12,01-08_SCIFI_RT384_plate1,G12,HL-60,01-08_SCIFI_RT384_084,[5'phos]ACACTCTTTCCCTACACGACGCTCTTCCGATCTNNNNNNNNGAACCACAGCACGTTTTTTTTTTTTTTTTTTTTTTTTTTTTTTVN,SASI_084,AACCACAGCAC,G,G,GAACCACAGCACG
PD190_humanmouse_H01,01-08_SCIFI_RT384_plate1,H01,Jurkat-Cas9-TCR,01-08_SCIFI_RT384_085,[5'phos]ACACTCTTTCCCTACACGACGCTCTTCCGATCTNNNNNNNNGCTTATCTAGAGGTTTTTTTTTTTTTTTTTTTTTTTTTTTTTTVN,SASI_085,CTTATCTAGAG,G,G,GCTTATCTAGAGG
PD190_humanmouse_H02,01-08_SCIFI_RT384_plate1,H02,Jurkat-Cas9-TCR,01-08_SCIFI_RT384_086,[5'phos]ACACTCTTTCCCTACACGACGCTCTTCCGATCTNNNNNNNNGTAATGTGGTCAGTTTTTTTTTTTTTTTTTTTTTTTTTTTTTTVN,SASI_086,TAATGTGGTCA,G,G,GTAATGTGGTCAG
PD190_humanmouse_H03,01-08_SCIFI_RT384_plate1,H03,3T3,01-08_SCIFI_RT384_087,[5'phos]ACACTCTTTCCCTACACGACGCTCTTCCGATCTNNNNNNNNGGCGCGCGAGCTGTTTTTTTTTTTTTTTTTTTTTTTTTTTTTTVN,SASI_087,GCGCGCGAGCT,G,G,GGCGCGCGAGCTG
PD190_humanmouse_H04,01-08_SCIFI_RT384_plate1,H04,3T3,01-08_SCIFI_RT384_088,[5'phos]ACACTCTTTCCCTACACGACGCTCTTCCGATCTNNNNNNNNGTCCATGTGTGTGTTTTTTTTTTTTTTTTTTTTTTTTTTTTTTVN,SASI_088,TCCATGTGTGT,G,G,GTCCATGTGTGTG
PD190_humanmouse_H05,01-08_SCIFI_RT384_plate1,H05,HEK293T,01-08_SCIFI_RT384_089,[5'phos]ACACTCTTTCCCTACACGACGCTCTTCCGATCTNNNNNNNNGGGAGGAATCCAGTTTTTTTTTTTTTTTTTTTTTTTTTTTTTTVN,SASI_089,GGAGGAATCCA,G,G,GGGAGGAATCCAG
PD190_humanmouse_H06,01-08_SCIFI_RT384_plate1,H06,HEK293T,01-08_SCIFI_RT384_090,[5'phos]ACACTCTTTCCCTACACGACGCTCTTCCGATCTNNNNNNNNGATCAAAATAGGGTTTTTTTTTTTTTTTTTTTTTTTTTTTTTTVN,SASI_090,ATCAAAATAGG,G,G,GATCAAAATAGGG
PD190_humanmouse_H07,01-08_SCIFI_RT384_plate1,H07,K562,01-08_SCIFI_RT384_091,[5'phos]ACACTCTTTCCCTACACGACGCTCTTCCGATCTNNNNNNNNGCAAGACTGCCAGTTTTTTTTTTTTTTTTTTTTTTTTTTTTTTVN,SASI_091,CAAGACTGCCA,G,G,GCAAGACTGCCAG
PD190_humanmouse_H08,01-08_SCIFI_RT384_plate1,H08,K562,01-08_SCIFI_RT384_092,[5'phos]ACACTCTTTCCCTACACGACGCTCTTCCGATCTNNNNNNNNGTAGGATGGACCGTTTTTTTTTTTTTTTTTTTTTTTTTTTTTTVN,SASI_092,TAGGATGGACC,G,G,GTAGGATGGACCG
PD190_humanmouse_H09,01-08_SCIFI_RT384_plate1,H09,NALM-6,01-08_SCIFI_RT384_093,[5'phos]ACACTCTTTCCCTACACGACGCTCTTCCGATCTNNNNNNNNGGATCGGACCTAGTTTTTTTTTTTTTTTTTTTTTTTTTTTTTTVN,SASI_093,GATCGGACCTA,G,G,GGATCGGACCTAG
PD190_humanmouse_H10,01-08_SCIFI_RT384_plate1,H10,NALM-6,01-08_SCIFI_RT384_094,[5'phos]ACACTCTTTCCCTACACGACGCTCTTCCGATCTNNNNNNNNGCCCAAAGGAATGTTTTTTTTTTTTTTTTTTTTTTTTTTTTTTVN,SASI_094,CCCAAAGGAAT,G,G,GCCCAAAGGAATG
PD190_humanmouse_H11,01-08_SCIFI_RT384_plate1,H11,HL-60,01-08_SCIFI_RT384_095,[5'phos]ACACTCTTTCCCTACACGACGCTCTTCCGATCTNNNNNNNNGTACCTAACGCAGTTTTTTTTTTTTTTTTTTTTTTTTTTTTTTVN,SASI_095,TACCTAACGCA,G,G,GTACCTAACGCAG
PD190_humanmouse_H12,01-08_SCIFI_RT384_plate1,H12,HL-60,01-08_SCIFI_RT384_096,[5'phos]ACACTCTTTCCCTACACGACGCTCTTCCGATCTNNNNNNNNGGTCAGGTTCAGGTTTTTTTTTTTTTTTTTTTTTTTTTTTTTTVN,SASI_096,GTCAGGTTCAG,G,G,GGTCAGGTTCAGG
