sample_name,combinatorial_barcode,plate_well,sample_type,reverse_transcriptase
PD209_S3_scATAC-std_libprep-S3_A01,AAGTGATTAGCAA,A01,cells_MeOH,MaximaH
PD209_S3_scATAC-std_libprep-S3_A03,AGAATCCCCCTAA,A03,cells_MeOH,MaximaH
PD209_S3_scATAC-std_libprep-S3_A05,ACCTGGGAAACTA,A05,cells_MeOH,MaximaH
PD209_S3_scATAC-std_libprep-S3_A07,ATACCTCCCAGGA,A07,cells_MeOH,MaximaH
PD209_S3_scATAC-std_libprep-S3_A09,AATTTGTGGTATA,A09,cells_MeOH,MaximaH
PD209_S3_scATAC-std_libprep-S3_A11,ACCCGAGAGATCA,A11,cells_MeOH,MaximaH
PD209_S3_scATAC-std_libprep-S3_A13,AGAGTATAGGGTA,A13,cells_MeOH,MaximaH
PD209_S3_scATAC-std_libprep-S3_A15,ATCTTAATTGAGA,A15,cells_MeOH,MaximaH
PD209_S3_scATAC-std_libprep-S3_A17,AACGTTCTGTCGA,A17,cells_MeOH,MaximaH
PD209_S3_scATAC-std_libprep-S3_A19,ACATAATGGCGAA,A19,cells_MeOH,MaximaH
PD209_S3_scATAC-std_libprep-S3_A21,AGGCCGGAACATA,A21,cells_MeOH,MaximaH
PD209_S3_scATAC-std_libprep-S3_A23,ATCACTTCAAGAA,A23,cells_MeOH,MaximaH
PD209_S3_scATAC-std_libprep-S3_B01,AAGCTGGCCTTCA,B01,cells_MeOH,MaximaH
PD209_S3_scATAC-std_libprep-S3_B03,ACTGCACATTGGA,B03,cells_MeOH,MaximaH
PD209_S3_scATAC-std_libprep-S3_B05,AGGTCCTTCGATA,B05,cells_MeOH,MaximaH
PD209_S3_scATAC-std_libprep-S3_B07,ATTCGCACCCGAA,B07,cells_MeOH,MaximaH
PD209_S3_scATAC-std_libprep-S3_B09,ACCGTAAATTACA,B09,cells_MeOH,MaximaH
PD209_S3_scATAC-std_libprep-S3_B11,AGTAGTCGATATA,B11,cells_MeOH,MaximaH
PD209_S3_scATAC-std_libprep-S3_B13,ATGTAAGAATCAA,B13,cells_MeOH,MaximaH
PD209_S3_scATAC-std_libprep-S3_B15,AAGGCCCGCCGTA,B15,cells_MeOH,MaximaH
PD209_S3_scATAC-std_libprep-S3_B17,ACTCCACGCAAGA,B17,cells_MeOH,MaximaH
PD209_S3_scATAC-std_libprep-S3_B19,AGTCTTTGATTAA,B19,cells_MeOH,MaximaH
PD209_S3_scATAC-std_libprep-S3_B21,ATAGAGCCCGCCA,B21,cells_MeOH,MaximaH
PD209_S3_scATAC-std_libprep-S3_B23,AAGAAATGGAGGA,B23,cells_MeOH,MaximaH
PD209_S3_scATAC-std_libprep-S3_C01,TCAGCGCTGGTTA,C01,cells_MeOH,MaximaH
PD209_S3_scATAC-std_libprep-S3_C03,TGTTGACGAATAA,C03,cells_MeOH,MaximaH
PD209_S3_scATAC-std_libprep-S3_C05,TTGCATCAGCGCA,C05,cells_MeOH,MaximaH
PD209_S3_scATAC-std_libprep-S3_C07,TAGCCATATGAGA,C07,cells_MeOH,MaximaH
PD209_S3_scATAC-std_libprep-S3_C09,TCCTGCCCCTGTA,C09,cells_MeOH,MaximaH
PD209_S3_scATAC-std_libprep-S3_C11,TGGTATAAAACCA,C11,cells_MeOH,MaximaH
PD209_S3_scATAC-std_libprep-S3_C13,TTAAAGTCATGCA,C13,cells_MeOH,MaximaH
PD209_S3_scATAC-std_libprep-S3_C15,TAGAACTCAGAAA,C15,cells_MeOH,MaximaH
PD209_S3_scATAC-std_libprep-S3_C17,TCAGCTTAATCGC,C17,cells_MeOH,MaximaH
PD209_S3_scATAC-std_libprep-S3_C19,TGGCTTAAGAGAC,C19,cells_MeOH,MaximaH
PD209_S3_scATAC-std_libprep-S3_C21,TTCACCTGTCGGC,C21,cells_MeOH,MaximaH
PD209_S3_scATAC-std_libprep-S3_C23,TATAGTGATACTC,C23,cells_MeOH,MaximaH
PD209_S3_scATAC-std_libprep-S3_D01,TCATCAGCGAACC,D01,cells_MeOH,MaximaH
PD209_S3_scATAC-std_libprep-S3_D03,TGCGCCATGGGAC,D03,cells_MeOH,MaximaH
PD209_S3_scATAC-std_libprep-S3_D05,TTGTTGAACTCCC,D05,cells_MeOH,MaximaH
PD209_S3_scATAC-std_libprep-S3_D07,TATATACGCAGTC,D07,cells_MeOH,MaximaH
PD209_S3_scATAC-std_libprep-S3_D09,TCGCACGACGTAC,D09,cells_MeOH,MaximaH
PD209_S3_scATAC-std_libprep-S3_D11,TGGGACAGAAGGC,D11,cells_MeOH,MaximaH
PD209_S3_scATAC-std_libprep-S3_D13,TTTAACAAGTATC,D13,cells_MeOH,MaximaH
PD209_S3_scATAC-std_libprep-S3_D15,TACTCCTGGGTAC,D15,cells_MeOH,MaximaH
PD209_S3_scATAC-std_libprep-S3_D17,TCAGAAAACCCCC,D17,cells_MeOH,MaximaH
PD209_S3_scATAC-std_libprep-S3_D19,TGCACGAGCAGTC,D19,cells_MeOH,MaximaH
PD209_S3_scATAC-std_libprep-S3_D21,TTATTATGCTTCC,D21,cells_MeOH,MaximaH
PD209_S3_scATAC-std_libprep-S3_D23,TAGCGACTGTATC,D23,cells_MeOH,MaximaH
PD209_S3_scATAC-std_libprep-S3_E01,CCCTTGCGACAGC,E01,cells_MeOH,MaximaH
PD209_S3_scATAC-std_libprep-S3_E03,CGTTAGATTGCAC,E03,cells_MeOH,MaximaH
PD209_S3_scATAC-std_libprep-S3_E05,CTAAATACCATCC,E05,cells_MeOH,MaximaH
PD209_S3_scATAC-std_libprep-S3_E07,CATATTTTTTAGC,E07,cells_MeOH,MaximaH
PD209_S3_scATAC-std_libprep-S3_E09,CCCCTAAACGCTC,E09,cells_MeOH,MaximaH
PD209_S3_scATAC-std_libprep-S3_E11,CGATTGTTAGGAC,E11,cells_MeOH,MaximaH
PD209_S3_scATAC-std_libprep-S3_E13,CTACCGAGTCTCC,E13,cells_MeOH,MaximaH
PD209_S3_scATAC-std_libprep-S3_E15,CAGAACAAATTGC,E15,cells_MeOH,MaximaH
PD209_S3_scATAC-std_libprep-S3_E17,CCTTGATCTCATC,E17,cells_MeOH,MaximaH
PD209_S3_scATAC-std_libprep-S3_E19,CGCCACGCGTTAC,E19,cells_MeOH,MaximaH
PD209_S3_scATAC-std_libprep-S3_E21,CTATAGATACGGC,E21,cells_MeOH,MaximaH
PD209_S3_scATAC-std_libprep-S3_E23,CATACCCAGCCAC,E23,cells_MeOH,MaximaH
PD209_S3_scATAC-std_libprep-S3_F01,CCCCGGATGTACC,F01,cells_MeOH,MaximaH
PD209_S3_scATAC-std_libprep-S3_F03,CGATCTCGGCTTC,F03,cells_MeOH,MaximaH
PD209_S3_scATAC-std_libprep-S3_F05,CTAGCCGCTTTGC,F05,cells_MeOH,MaximaH
PD209_S3_scATAC-std_libprep-S3_F07,CCTAAATACAGCC,F07,cells_MeOH,MaximaH
PD209_S3_scATAC-std_libprep-S3_F09,CGGGTTTTACCAG,F09,cells_MeOH,MaximaH
PD209_S3_scATAC-std_libprep-S3_F11,CATATCCATTGCG,F11,cells_MeOH,MaximaH
PD209_S3_scATAC-std_libprep-S3_F13,CCTCCCGAGAGTG,F13,cells_MeOH,MaximaH
PD209_S3_scATAC-std_libprep-S3_F15,CGAATATCTCCGG,F15,cells_MeOH,MaximaH
PD209_S3_scATAC-std_libprep-S3_F17,CTACTAACCCACG,F17,cells_MeOH,MaximaH
PD209_S3_scATAC-std_libprep-S3_F19,CAAATGATACAAG,F19,cells_MeOH,MaximaH
PD209_S3_scATAC-std_libprep-S3_F21,CCCCCATTATTTG,F21,cells_MeOH,MaximaH
PD209_S3_scATAC-std_libprep-S3_F23,CGAGTCGCGACGG,F23,cells_MeOH,MaximaH
PD209_S3_scATAC-std_libprep-S3_G01,GTGGTTGTGGCCG,G01,cells_MeOH,MaximaH
PD209_S3_scATAC-std_libprep-S3_G03,GATTCAAGGAAAG,G03,cells_MeOH,MaximaH
PD209_S3_scATAC-std_libprep-S3_G05,GCCAAGATCTGGG,G05,cells_MeOH,MaximaH
PD209_S3_scATAC-std_libprep-S3_G07,GATACTGTATCAG,G07,cells_MeOH,MaximaH
PD209_S3_scATAC-std_libprep-S3_G09,GCCGATTCGTGCG,G09,cells_MeOH,MaximaH
PD209_S3_scATAC-std_libprep-S3_G11,GTGACAACGCTGG,G11,cells_MeOH,MaximaH
PD209_S3_scATAC-std_libprep-S3_G13,GGGCTGTCTTATG,G13,cells_MeOH,MaximaH
PD209_S3_scATAC-std_libprep-S3_G15,GACCCTGGCCTGG,G15,cells_MeOH,MaximaH
PD209_S3_scATAC-std_libprep-S3_G17,GCGTACGCTTATG,G17,cells_MeOH,MaximaH
PD209_S3_scATAC-std_libprep-S3_G19,GTTGCACTTAATG,G19,cells_MeOH,MaximaH
PD209_S3_scATAC-std_libprep-S3_G21,GGACAAAGAGAAG,G21,cells_MeOH,MaximaH
PD209_S3_scATAC-std_libprep-S3_G23,GAACCACAGCACG,G23,cells_MeOH,MaximaH
PD209_S3_scATAC-std_libprep-S3_H01,GCTTATCTAGAGG,H01,cells_MeOH,MaximaH
PD209_S3_scATAC-std_libprep-S3_H03,GTAATGTGGTCAG,H03,cells_MeOH,MaximaH
PD209_S3_scATAC-std_libprep-S3_H05,GGCGCGCGAGCTG,H05,cells_MeOH,MaximaH
PD209_S3_scATAC-std_libprep-S3_H07,GTCCATGTGTGTG,H07,cells_MeOH,MaximaH
PD209_S3_scATAC-std_libprep-S3_H09,GGGAGGAATCCAG,H09,cells_MeOH,MaximaH
PD209_S3_scATAC-std_libprep-S3_H11,GATCAAAATAGGG,H11,cells_MeOH,MaximaH
PD209_S3_scATAC-std_libprep-S3_H13,GCAAGACTGCCAG,H13,cells_MeOH,MaximaH
PD209_S3_scATAC-std_libprep-S3_H15,GTAGGATGGACCG,H15,cells_MeOH,MaximaH
PD209_S3_scATAC-std_libprep-S3_H17,GGATCGGACCTAG,H17,cells_MeOH,MaximaH
PD209_S3_scATAC-std_libprep-S3_H19,GCCCAAAGGAATG,H19,cells_MeOH,MaximaH
PD209_S3_scATAC-std_libprep-S3_H21,GTACCTAACGCAG,H21,cells_MeOH,MaximaH
PD209_S3_scATAC-std_libprep-S3_H23,GGTCAGGTTCAGG,H23,cells_MeOH,MaximaH
PD209_S3_scATAC-std_libprep-S3_A02,AACCTCCAACCCA,A02,nuclei_fresh,MaximaH
PD209_S3_scATAC-std_libprep-S3_A04,ACGTTTCAGCCAA,A04,nuclei_fresh,MaximaH
PD209_S3_scATAC-std_libprep-S3_A06,ATAAGGTTAGATA,A06,nuclei_fresh,MaximaH
PD209_S3_scATAC-std_libprep-S3_A08,AATATACCAGACA,A08,nuclei_fresh,MaximaH
PD209_S3_scATAC-std_libprep-S3_A10,AGGAGAGACTGTA,A10,nuclei_fresh,MaximaH
PD209_S3_scATAC-std_libprep-S3_A12,ACTCATCTTAGCA,A12,nuclei_fresh,MaximaH
PD209_S3_scATAC-std_libprep-S3_A14,AAATTTGGCCGTA,A14,nuclei_fresh,MaximaH
PD209_S3_scATAC-std_libprep-S3_A16,ATTAAGGAAGTAA,A16,nuclei_fresh,MaximaH
PD209_S3_scATAC-std_libprep-S3_A18,AACCGATCCAGAA,A18,nuclei_fresh,MaximaH
PD209_S3_scATAC-std_libprep-S3_A20,ACAACGGGACTGA,A20,nuclei_fresh,MaximaH
PD209_S3_scATAC-std_libprep-S3_A22,ATCCAGTACAACA,A22,nuclei_fresh,MaximaH
PD209_S3_scATAC-std_libprep-S3_A24,AGAGGACGATGCA,A24,nuclei_fresh,MaximaH
PD209_S3_scATAC-std_libprep-S3_B02,AAAGGGTCGCTTA,B02,nuclei_fresh,MaximaH
PD209_S3_scATAC-std_libprep-S3_B04,ACCCATGTAGCAA,B04,nuclei_fresh,MaximaH
PD209_S3_scATAC-std_libprep-S3_B06,AGTGAAGTGGACA,B06,nuclei_fresh,MaximaH
PD209_S3_scATAC-std_libprep-S3_B08,ATAATAATTACAA,B08,nuclei_fresh,MaximaH
PD209_S3_scATAC-std_libprep-S3_B10,AGCTGTAACGTGA,B10,nuclei_fresh,MaximaH
PD209_S3_scATAC-std_libprep-S3_B12,AAAAAGCTGCGTA,B12,nuclei_fresh,MaximaH
PD209_S3_scATAC-std_libprep-S3_B14,ACGCGCAAACAGA,B14,nuclei_fresh,MaximaH
PD209_S3_scATAC-std_libprep-S3_B16,ATAATTTTCCCCA,B16,nuclei_fresh,MaximaH
PD209_S3_scATAC-std_libprep-S3_B18,AGGATACTGGTTA,B18,nuclei_fresh,MaximaH
PD209_S3_scATAC-std_libprep-S3_B20,AAGGGGGAAGCGA,B20,nuclei_fresh,MaximaH
PD209_S3_scATAC-std_libprep-S3_B22,ACAACGCCAAAAA,B22,nuclei_fresh,MaximaH
PD209_S3_scATAC-std_libprep-S3_B24,AACGAAGCCTGTA,B24,nuclei_fresh,MaximaH
PD209_S3_scATAC-std_libprep-S3_C02,TTACGTTGCCAGA,C02,nuclei_fresh,MaximaH
PD209_S3_scATAC-std_libprep-S3_C04,TAATTAACTTATA,C04,nuclei_fresh,MaximaH
PD209_S3_scATAC-std_libprep-S3_C06,TCTCGGTATGGGA,C06,nuclei_fresh,MaximaH
PD209_S3_scATAC-std_libprep-S3_C08,TTCGTGTGAATTA,C08,nuclei_fresh,MaximaH
PD209_S3_scATAC-std_libprep-S3_C10,TATAATTAGTTCA,C10,nuclei_fresh,MaximaH
PD209_S3_scATAC-std_libprep-S3_C12,TGGCTAATTCCTA,C12,nuclei_fresh,MaximaH
PD209_S3_scATAC-std_libprep-S3_C14,TAGAAGGTCGTGA,C14,nuclei_fresh,MaximaH
PD209_S3_scATAC-std_libprep-S3_C16,TCGTGAGGGGGTA,C16,nuclei_fresh,MaximaH
PD209_S3_scATAC-std_libprep-S3_C18,TTAGGCTAAAGGC,C18,nuclei_fresh,MaximaH
PD209_S3_scATAC-std_libprep-S3_C20,TGAAGTGGCTTCC,C20,nuclei_fresh,MaximaH
PD209_S3_scATAC-std_libprep-S3_C22,TATCGCATAGCGC,C22,nuclei_fresh,MaximaH
PD209_S3_scATAC-std_libprep-S3_C24,TCTCCTAAGCTCC,C24,nuclei_fresh,MaximaH
PD209_S3_scATAC-std_libprep-S3_D02,TAAATCATGATTC,D02,nuclei_fresh,MaximaH
PD209_S3_scATAC-std_libprep-S3_D04,TCGCATACGGAAC,D04,nuclei_fresh,MaximaH
PD209_S3_scATAC-std_libprep-S3_D06,TTGCAGCCACAGC,D06,nuclei_fresh,MaximaH
PD209_S3_scATAC-std_libprep-S3_D08,TACCTGGTGCTTC,D08,nuclei_fresh,MaximaH
PD209_S3_scATAC-std_libprep-S3_D10,TGTTTTCATAAGC,D10,nuclei_fresh,MaximaH
PD209_S3_scATAC-std_libprep-S3_D12,TAAACTGAGATGC,D12,nuclei_fresh,MaximaH
PD209_S3_scATAC-std_libprep-S3_D14,TCAGTGCGCTGTC,D14,nuclei_fresh,MaximaH
PD209_S3_scATAC-std_libprep-S3_D16,TTGAGTGGGCCAC,D16,nuclei_fresh,MaximaH
PD209_S3_scATAC-std_libprep-S3_D18,TATTCTCTCAACC,D18,nuclei_fresh,MaximaH
PD209_S3_scATAC-std_libprep-S3_D20,TCCTCCTTTACGC,D20,nuclei_fresh,MaximaH
PD209_S3_scATAC-std_libprep-S3_D22,TAGAGAACTTTAC,D22,nuclei_fresh,MaximaH
PD209_S3_scATAC-std_libprep-S3_D24,TTACTACCAGGTC,D24,nuclei_fresh,MaximaH
PD209_S3_scATAC-std_libprep-S3_E02,CATTGCTACATCC,E02,nuclei_fresh,MaximaH
PD209_S3_scATAC-std_libprep-S3_E04,CGGAGTCACACGC,E04,nuclei_fresh,MaximaH
PD209_S3_scATAC-std_libprep-S3_E06,CCGGTGGAGCTCC,E06,nuclei_fresh,MaximaH
PD209_S3_scATAC-std_libprep-S3_E08,CTTCGGCCCAATC,E08,nuclei_fresh,MaximaH
PD209_S3_scATAC-std_libprep-S3_E10,CACGAGACACCCC,E10,nuclei_fresh,MaximaH
PD209_S3_scATAC-std_libprep-S3_E12,CGTCTAGACAAAC,E12,nuclei_fresh,MaximaH
PD209_S3_scATAC-std_libprep-S3_E14,CACCGTACGTTGC,E14,nuclei_fresh,MaximaH
PD209_S3_scATAC-std_libprep-S3_E16,CCTAACCCTCTCC,E16,nuclei_fresh,MaximaH
PD209_S3_scATAC-std_libprep-S3_E18,CTAGATTTAACTC,E18,nuclei_fresh,MaximaH
PD209_S3_scATAC-std_libprep-S3_E20,CAGATTAGAGTAC,E20,nuclei_fresh,MaximaH
PD209_S3_scATAC-std_libprep-S3_E22,CGGGACGTTTTCC,E22,nuclei_fresh,MaximaH
PD209_S3_scATAC-std_libprep-S3_E24,CTATACCAAGAAC,E24,nuclei_fresh,MaximaH
PD209_S3_scATAC-std_libprep-S3_F02,CCGGCGAGCCAGC,F02,nuclei_fresh,MaximaH
PD209_S3_scATAC-std_libprep-S3_F04,CATTTGAAAACGC,F04,nuclei_fresh,MaximaH
PD209_S3_scATAC-std_libprep-S3_F06,CCCCTTTCTGGAC,F06,nuclei_fresh,MaximaH
PD209_S3_scATAC-std_libprep-S3_F08,CTGACTGCAGCGC,F08,nuclei_fresh,MaximaH
PD209_S3_scATAC-std_libprep-S3_F10,CACGATCAAGTTG,F10,nuclei_fresh,MaximaH
PD209_S3_scATAC-std_libprep-S3_F12,CGAAATGCTGACG,F12,nuclei_fresh,MaximaH
PD209_S3_scATAC-std_libprep-S3_F14,CGCTACCTGAAGG,F14,nuclei_fresh,MaximaH
PD209_S3_scATAC-std_libprep-S3_F16,CAGGAACTACACG,F16,nuclei_fresh,MaximaH
PD209_S3_scATAC-std_libprep-S3_F18,CTCGGCCGGTCAG,F18,nuclei_fresh,MaximaH
PD209_S3_scATAC-std_libprep-S3_F20,CTTTTCCAGCGTG,F20,nuclei_fresh,MaximaH
PD209_S3_scATAC-std_libprep-S3_F22,CAATCGTAGCCGG,F22,nuclei_fresh,MaximaH
PD209_S3_scATAC-std_libprep-S3_F24,CGTAAACTACGAG,F24,nuclei_fresh,MaximaH
PD209_S3_scATAC-std_libprep-S3_G02,GACGAGTATCTGG,G02,nuclei_fresh,MaximaH
PD209_S3_scATAC-std_libprep-S3_G04,GCAAAGGGTGGTG,G04,nuclei_fresh,MaximaH
PD209_S3_scATAC-std_libprep-S3_G06,GTAGGTGAGAAAG,G06,nuclei_fresh,MaximaH
PD209_S3_scATAC-std_libprep-S3_G08,GAGCGGATTAGTG,G08,nuclei_fresh,MaximaH
PD209_S3_scATAC-std_libprep-S3_G10,GGTTTGTATGTCG,G10,nuclei_fresh,MaximaH
PD209_S3_scATAC-std_libprep-S3_G12,GAACACATCTGAG,G12,nuclei_fresh,MaximaH
PD209_S3_scATAC-std_libprep-S3_G14,GCTACCAATGACG,G14,nuclei_fresh,MaximaH
PD209_S3_scATAC-std_libprep-S3_G16,GTGAGGGCTCGGG,G16,nuclei_fresh,MaximaH
PD209_S3_scATAC-std_libprep-S3_G18,GAAATGTGTCGCG,G18,nuclei_fresh,MaximaH
PD209_S3_scATAC-std_libprep-S3_G20,GGCCCACACCGGG,G20,nuclei_fresh,MaximaH
PD209_S3_scATAC-std_libprep-S3_G22,GCCGGTAGCTCCG,G22,nuclei_fresh,MaximaH
PD209_S3_scATAC-std_libprep-S3_G24,GAAGAATTATGGG,G24,nuclei_fresh,MaximaH
PD209_S3_scATAC-std_libprep-S3_H02,GTCTCGTCATATG,H02,nuclei_fresh,MaximaH
PD209_S3_scATAC-std_libprep-S3_H04,GGACTTTTGGTCG,H04,nuclei_fresh,MaximaH
PD209_S3_scATAC-std_libprep-S3_H06,GATTTCGTTCCAG,H06,nuclei_fresh,MaximaH
PD209_S3_scATAC-std_libprep-S3_H08,GTCCCGGAGCCAG,H08,nuclei_fresh,MaximaH
PD209_S3_scATAC-std_libprep-S3_H10,GGGGGGCCGGACG,H10,nuclei_fresh,MaximaH
PD209_S3_scATAC-std_libprep-S3_H12,GACTACGTTTGGG,H12,nuclei_fresh,MaximaH
PD209_S3_scATAC-std_libprep-S3_H14,GCTTTAATCTAAG,H14,nuclei_fresh,MaximaH
PD209_S3_scATAC-std_libprep-S3_H16,GAGGCAAAAATCG,H16,nuclei_fresh,MaximaH
PD209_S3_scATAC-std_libprep-S3_H18,GTTTGATTCTCGG,H18,nuclei_fresh,MaximaH
PD209_S3_scATAC-std_libprep-S3_H20,GAGGGACATCGAG,H20,nuclei_fresh,MaximaH
PD209_S3_scATAC-std_libprep-S3_H22,GGATCCTTACCCG,H22,nuclei_fresh,MaximaH
PD209_S3_scATAC-std_libprep-S3_H24,GCGATCCTCGCGG,H24,nuclei_fresh,MaximaH
PD209_S3_scATAC-std_libprep-S3_I01,ATATTGGCACTTA,I01,cells_MeOH,SSIV
PD209_S3_scATAC-std_libprep-S3_I03,AAAAGAATCGCCA,I03,cells_MeOH,SSIV
PD209_S3_scATAC-std_libprep-S3_I05,AGGAAGCCCATTA,I05,cells_MeOH,SSIV
PD209_S3_scATAC-std_libprep-S3_I07,ACCCCTTCGCAGA,I07,cells_MeOH,SSIV
PD209_S3_scATAC-std_libprep-S3_I09,ATGTCTATTCACA,I09,cells_MeOH,SSIV
PD209_S3_scATAC-std_libprep-S3_I11,AGAACGCTTTGAA,I11,cells_MeOH,SSIV
PD209_S3_scATAC-std_libprep-S3_I13,AAGGGACCCACCA,I13,cells_MeOH,SSIV
PD209_S3_scATAC-std_libprep-S3_I15,ACACATCGTTTTA,I15,cells_MeOH,SSIV
PD209_S3_scATAC-std_libprep-S3_I17,AATGGTTCTCCGA,I17,cells_MeOH,SSIV
PD209_S3_scATAC-std_libprep-S3_I19,ATGCCGCTGAAAA,I19,cells_MeOH,SSIV
PD209_S3_scATAC-std_libprep-S3_I21,AAACACTCTAGTA,I21,cells_MeOH,SSIV
PD209_S3_scATAC-std_libprep-S3_I23,ATCCTCGGGGTCA,I23,cells_MeOH,SSIV
PD209_S3_scATAC-std_libprep-S3_J01,AAGAATCGCTAGA,J01,cells_MeOH,SSIV
PD209_S3_scATAC-std_libprep-S3_J03,AGAAGTCAGGTAA,J03,cells_MeOH,SSIV
PD209_S3_scATAC-std_libprep-S3_J05,ACGCGGCTCATCA,J05,cells_MeOH,SSIV
PD209_S3_scATAC-std_libprep-S3_J07,AAACCCAAATATA,J07,cells_MeOH,SSIV
PD209_S3_scATAC-std_libprep-S3_J09,ATCTCAGAACTGA,J09,cells_MeOH,SSIV
PD209_S3_scATAC-std_libprep-S3_J11,AGCAATTAGGAGA,J11,cells_MeOH,SSIV
PD209_S3_scATAC-std_libprep-S3_J13,AAGTAAACGCGTA,J13,cells_MeOH,SSIV
PD209_S3_scATAC-std_libprep-S3_J15,ACATACAGCATGA,J15,cells_MeOH,SSIV
PD209_S3_scATAC-std_libprep-S3_J17,AACGCAGAGAGAA,J17,cells_MeOH,SSIV
PD209_S3_scATAC-std_libprep-S3_J19,ATGACGCGATTTA,J19,cells_MeOH,SSIV
PD209_S3_scATAC-std_libprep-S3_J21,AAACATTCACCAA,J21,cells_MeOH,SSIV
PD209_S3_scATAC-std_libprep-S3_J23,AGGCCTCATATTA,J23,cells_MeOH,SSIV
PD209_S3_scATAC-std_libprep-S3_K01,TGACGCTCACTGA,K01,cells_MeOH,SSIV
PD209_S3_scATAC-std_libprep-S3_K03,TCCGGGCGGAGCA,K03,cells_MeOH,SSIV
PD209_S3_scATAC-std_libprep-S3_K05,TTTCCCGTTTAAA,K05,cells_MeOH,SSIV
PD209_S3_scATAC-std_libprep-S3_K07,TGTAACTGAGTGA,K07,cells_MeOH,SSIV
PD209_S3_scATAC-std_libprep-S3_K09,TAACCTATGCCTA,K09,cells_MeOH,SSIV
PD209_S3_scATAC-std_libprep-S3_K11,TCCAAAGAACATA,K11,cells_MeOH,SSIV
PD209_S3_scATAC-std_libprep-S3_K13,TTCTCGGGTGACA,K13,cells_MeOH,SSIV
PD209_S3_scATAC-std_libprep-S3_K15,TGGTGTTGTTTTA,K15,cells_MeOH,SSIV
PD209_S3_scATAC-std_libprep-S3_K17,TAACCCGTAGTAC,K17,cells_MeOH,SSIV
PD209_S3_scATAC-std_libprep-S3_K19,TCTGCCTACTAAC,K19,cells_MeOH,SSIV
PD209_S3_scATAC-std_libprep-S3_K21,TTCAGTATTTATC,K21,cells_MeOH,SSIV
PD209_S3_scATAC-std_libprep-S3_K23,TGCTAGGGAAAAC,K23,cells_MeOH,SSIV
PD209_S3_scATAC-std_libprep-S3_L01,TAGTTACGAGGGC,L01,cells_MeOH,SSIV
PD209_S3_scATAC-std_libprep-S3_L03,TCGACCTAGGTTC,L03,cells_MeOH,SSIV
PD209_S3_scATAC-std_libprep-S3_L05,TGCCTCGATAGGC,L05,cells_MeOH,SSIV
PD209_S3_scATAC-std_libprep-S3_L07,TATTAGTCAAACC,L07,cells_MeOH,SSIV
PD209_S3_scATAC-std_libprep-S3_L09,TCTTACTGAACTC,L09,cells_MeOH,SSIV
PD209_S3_scATAC-std_libprep-S3_L11,TTCAATTGTGCAC,L11,cells_MeOH,SSIV
PD209_S3_scATAC-std_libprep-S3_L13,TGTACATGTCACC,L13,cells_MeOH,SSIV
PD209_S3_scATAC-std_libprep-S3_L15,TACGTATCATTAC,L15,cells_MeOH,SSIV
PD209_S3_scATAC-std_libprep-S3_L17,TCATGGACTCTGC,L17,cells_MeOH,SSIV
PD209_S3_scATAC-std_libprep-S3_L19,TTCATGCTCCATC,L19,cells_MeOH,SSIV
PD209_S3_scATAC-std_libprep-S3_L21,TGCTAACTCTGCC,L21,cells_MeOH,SSIV
PD209_S3_scATAC-std_libprep-S3_L23,TCCCTACTTCAAC,L23,cells_MeOH,SSIV
PD209_S3_scATAC-std_libprep-S3_M01,CAGTACTACGCGC,M01,cells_MeOH,SSIV
PD209_S3_scATAC-std_libprep-S3_M03,CTCACCGGCTATC,M03,cells_MeOH,SSIV
PD209_S3_scATAC-std_libprep-S3_M05,CACTATTTAATAC,M05,cells_MeOH,SSIV
PD209_S3_scATAC-std_libprep-S3_M07,CCGGACTTGCTGC,M07,cells_MeOH,SSIV
PD209_S3_scATAC-std_libprep-S3_M09,CTCACATCTTCCC,M09,cells_MeOH,SSIV
PD209_S3_scATAC-std_libprep-S3_M11,CGACCACCTGTAC,M11,cells_MeOH,SSIV
PD209_S3_scATAC-std_libprep-S3_M13,CATCAATCCCAGC,M13,cells_MeOH,SSIV
PD209_S3_scATAC-std_libprep-S3_M15,CCCAAGCAGGCCC,M15,cells_MeOH,SSIV
PD209_S3_scATAC-std_libprep-S3_M17,CTGTGCATAGTTC,M17,cells_MeOH,SSIV
PD209_S3_scATAC-std_libprep-S3_M19,CAACGCAGTCCAC,M19,cells_MeOH,SSIV
PD209_S3_scATAC-std_libprep-S3_M21,CGCGTTGGTAATC,M21,cells_MeOH,SSIV
PD209_S3_scATAC-std_libprep-S3_M23,CCTTCAGTAGGAC,M23,cells_MeOH,SSIV
PD209_S3_scATAC-std_libprep-S3_N01,CTAGCCTTCTGTC,N01,cells_MeOH,SSIV
PD209_S3_scATAC-std_libprep-S3_N03,CGTCCCACGAAGC,N03,cells_MeOH,SSIV
PD209_S3_scATAC-std_libprep-S3_N05,CTAGTTCCTATTC,N05,cells_MeOH,SSIV
PD209_S3_scATAC-std_libprep-S3_N07,CCCCAACCGGTGC,N07,cells_MeOH,SSIV
PD209_S3_scATAC-std_libprep-S3_N09,CTCTTAAAGATTG,N09,cells_MeOH,SSIV
PD209_S3_scATAC-std_libprep-S3_N11,CGGTCTCCTTGCG,N11,cells_MeOH,SSIV
PD209_S3_scATAC-std_libprep-S3_N13,CAATGAGCAGAGG,N13,cells_MeOH,SSIV
PD209_S3_scATAC-std_libprep-S3_N15,CCATATTCCCTTG,N15,cells_MeOH,SSIV
PD209_S3_scATAC-std_libprep-S3_N17,CTGTTACCCGTAG,N17,cells_MeOH,SSIV
PD209_S3_scATAC-std_libprep-S3_N19,CGATAATTTTCTG,N19,cells_MeOH,SSIV
PD209_S3_scATAC-std_libprep-S3_N21,CAACCTTGAGGGG,N21,cells_MeOH,SSIV
PD209_S3_scATAC-std_libprep-S3_N23,CCGATAAAACGCG,N23,cells_MeOH,SSIV
PD209_S3_scATAC-std_libprep-S3_O01,GCCTAGAGAGTTG,O01,cells_MeOH,SSIV
PD209_S3_scATAC-std_libprep-S3_O03,GGTCACCATGGAG,O03,cells_MeOH,SSIV
PD209_S3_scATAC-std_libprep-S3_O05,GCTGTGGCCCCGG,O05,cells_MeOH,SSIV
PD209_S3_scATAC-std_libprep-S3_O07,GTGGGAGGCGAAG,O07,cells_MeOH,SSIV
PD209_S3_scATAC-std_libprep-S3_O09,GGCTGCCGTCACG,O09,cells_MeOH,SSIV
PD209_S3_scATAC-std_libprep-S3_O11,GATCTTCTATGTG,O11,cells_MeOH,SSIV
PD209_S3_scATAC-std_libprep-S3_O13,GCTACTTGCTCTG,O13,cells_MeOH,SSIV
PD209_S3_scATAC-std_libprep-S3_O15,GTGGGCCTTTAGG,O15,cells_MeOH,SSIV
PD209_S3_scATAC-std_libprep-S3_O17,GGATACACCGGCG,O17,cells_MeOH,SSIV
PD209_S3_scATAC-std_libprep-S3_O19,GTGCGCTCGGATG,O19,cells_MeOH,SSIV
PD209_S3_scATAC-std_libprep-S3_O21,GCACAGGTCAAAG,O21,cells_MeOH,SSIV
PD209_S3_scATAC-std_libprep-S3_O23,GTCTGAGTGCCCG,O23,cells_MeOH,SSIV
PD209_S3_scATAC-std_libprep-S3_P01,GGTTGTGTAGCTG,P01,cells_MeOH,SSIV
PD209_S3_scATAC-std_libprep-S3_P03,GATGCGGGGCGGG,P03,cells_MeOH,SSIV
PD209_S3_scATAC-std_libprep-S3_P05,GCCGGTGTAAACG,P05,cells_MeOH,SSIV
PD209_S3_scATAC-std_libprep-S3_P07,GTGGCAAGTTCGG,P07,cells_MeOH,SSIV
PD209_S3_scATAC-std_libprep-S3_P09,GGTAGAATGAGTG,P09,cells_MeOH,SSIV
PD209_S3_scATAC-std_libprep-S3_P11,GCCCTATGGCCCG,P11,cells_MeOH,SSIV
PD209_S3_scATAC-std_libprep-S3_P13,GTCTATCCTCATG,P13,cells_MeOH,SSIV
PD209_S3_scATAC-std_libprep-S3_P15,GGAGTGTACTTGG,P15,cells_MeOH,SSIV
PD209_S3_scATAC-std_libprep-S3_P17,GATCGCGAGTACG,P17,cells_MeOH,SSIV
PD209_S3_scATAC-std_libprep-S3_P19,GCGGTCCCAAGTG,P19,cells_MeOH,SSIV
PD209_S3_scATAC-std_libprep-S3_P21,GTTCTGGGAGAGG,P21,cells_MeOH,SSIV
PD209_S3_scATAC-std_libprep-S3_P23,GAACTTCGAAAAG,P23,cells_MeOH,SSIV
PD209_S3_scATAC-std_libprep-S3_I02,AGCGTCCACACAA,I02,nuclei_fresh,SSIV
PD209_S3_scATAC-std_libprep-S3_I04,ACGAGGTGCCGTA,I04,nuclei_fresh,SSIV
PD209_S3_scATAC-std_libprep-S3_I06,ATTTATTAGACGA,I06,nuclei_fresh,SSIV
PD209_S3_scATAC-std_libprep-S3_I08,AGGGCTCCGACAA,I08,nuclei_fresh,SSIV
PD209_S3_scATAC-std_libprep-S3_I10,AAAGTTTATCAAA,I10,nuclei_fresh,SSIV
PD209_S3_scATAC-std_libprep-S3_I12,ACACGTGTGCGGA,I12,nuclei_fresh,SSIV
PD209_S3_scATAC-std_libprep-S3_I14,AACGTCAAGGATA,I14,nuclei_fresh,SSIV
PD209_S3_scATAC-std_libprep-S3_I16,AGTGACAGCTACA,I16,nuclei_fresh,SSIV
PD209_S3_scATAC-std_libprep-S3_I18,AAGCTTTACATGA,I18,nuclei_fresh,SSIV
PD209_S3_scATAC-std_libprep-S3_I20,ATATGAACAACTA,I20,nuclei_fresh,SSIV
PD209_S3_scATAC-std_libprep-S3_I22,AGTAGATCGCTAA,I22,nuclei_fresh,SSIV
PD209_S3_scATAC-std_libprep-S3_I24,AAAGCGTCTACCA,I24,nuclei_fresh,SSIV
PD209_S3_scATAC-std_libprep-S3_J02,ACATTTTTGAAGA,J02,nuclei_fresh,SSIV
PD209_S3_scATAC-std_libprep-S3_J04,ATGTAGCTTACCA,J04,nuclei_fresh,SSIV
PD209_S3_scATAC-std_libprep-S3_J06,AGTGAGCGGCAAA,J06,nuclei_fresh,SSIV
PD209_S3_scATAC-std_libprep-S3_J08,AATGAGCCTGATA,J08,nuclei_fresh,SSIV
PD209_S3_scATAC-std_libprep-S3_J10,ATCGAAACGAGGA,J10,nuclei_fresh,SSIV
PD209_S3_scATAC-std_libprep-S3_J12,AGACAGTAGTCCA,J12,nuclei_fresh,SSIV
PD209_S3_scATAC-std_libprep-S3_J14,ATTTAGCTCGGTA,J14,nuclei_fresh,SSIV
PD209_S3_scATAC-std_libprep-S3_J16,AGCTTGAGGACCA,J16,nuclei_fresh,SSIV
PD209_S3_scATAC-std_libprep-S3_J18,AACAGACGCCTAA,J18,nuclei_fresh,SSIV
PD209_S3_scATAC-std_libprep-S3_J20,ATTGGACAGGGCA,J20,nuclei_fresh,SSIV
PD209_S3_scATAC-std_libprep-S3_J22,AAAATTCAGTATA,J22,nuclei_fresh,SSIV
PD209_S3_scATAC-std_libprep-S3_J24,ACTGTCGAAATAA,J24,nuclei_fresh,SSIV
PD209_S3_scATAC-std_libprep-S3_K02,TTGGGTATCAGGA,K02,nuclei_fresh,SSIV
PD209_S3_scATAC-std_libprep-S3_K04,TGCTATCAGTCTA,K04,nuclei_fresh,SSIV
PD209_S3_scATAC-std_libprep-S3_K06,TAAGGCGGTAAGA,K06,nuclei_fresh,SSIV
PD209_S3_scATAC-std_libprep-S3_K08,TCGATTGGGTTTA,K08,nuclei_fresh,SSIV
PD209_S3_scATAC-std_libprep-S3_K10,TTGCCCAGCATAA,K10,nuclei_fresh,SSIV
PD209_S3_scATAC-std_libprep-S3_K12,TGCACTGGGCGCA,K12,nuclei_fresh,SSIV
PD209_S3_scATAC-std_libprep-S3_K14,TATGGGAATAAAA,K14,nuclei_fresh,SSIV
PD209_S3_scATAC-std_libprep-S3_K16,TCTACCCGGTTGA,K16,nuclei_fresh,SSIV
PD209_S3_scATAC-std_libprep-S3_K18,TCATCCAGATCAC,K18,nuclei_fresh,SSIV
PD209_S3_scATAC-std_libprep-S3_K20,TGAAGCAATTAGC,K20,nuclei_fresh,SSIV
PD209_S3_scATAC-std_libprep-S3_K22,TATGGCGTCCTTC,K22,nuclei_fresh,SSIV
PD209_S3_scATAC-std_libprep-S3_K24,TCAATATATTGAC,K24,nuclei_fresh,SSIV
PD209_S3_scATAC-std_libprep-S3_L02,TTTGGACGACCGC,L02,nuclei_fresh,SSIV
PD209_S3_scATAC-std_libprep-S3_L04,TGATTGACCAAAC,L04,nuclei_fresh,SSIV
PD209_S3_scATAC-std_libprep-S3_L06,TCGAACATACCTC,L06,nuclei_fresh,SSIV
PD209_S3_scATAC-std_libprep-S3_L08,TTTCATCCAATAC,L08,nuclei_fresh,SSIV
PD209_S3_scATAC-std_libprep-S3_L10,TGCGGGAAAGGCC,L10,nuclei_fresh,SSIV
PD209_S3_scATAC-std_libprep-S3_L12,TCAGGGATCACTC,L12,nuclei_fresh,SSIV
PD209_S3_scATAC-std_libprep-S3_L14,TGTGTTACTTCCC,L14,nuclei_fresh,SSIV
PD209_S3_scATAC-std_libprep-S3_L16,TACGGGTGTTGAC,L16,nuclei_fresh,SSIV
PD209_S3_scATAC-std_libprep-S3_L18,TCCTGATGGTAGC,L18,nuclei_fresh,SSIV
PD209_S3_scATAC-std_libprep-S3_L20,TTTCGTGCTTTCC,L20,nuclei_fresh,SSIV
PD209_S3_scATAC-std_libprep-S3_L22,TGACGCGACGATC,L22,nuclei_fresh,SSIV
PD209_S3_scATAC-std_libprep-S3_L24,TATTGTTAACGAC,L24,nuclei_fresh,SSIV
PD209_S3_scATAC-std_libprep-S3_M02,CCAAGCGCGTCCC,M02,nuclei_fresh,SSIV
PD209_S3_scATAC-std_libprep-S3_M04,CTTATCGTCAAGC,M04,nuclei_fresh,SSIV
PD209_S3_scATAC-std_libprep-S3_M06,CCTAGAAGTCGAC,M06,nuclei_fresh,SSIV
PD209_S3_scATAC-std_libprep-S3_M08,CTCGGCATGATCC,M08,nuclei_fresh,SSIV
PD209_S3_scATAC-std_libprep-S3_M10,CGACGGCGCACAC,M10,nuclei_fresh,SSIV
PD209_S3_scATAC-std_libprep-S3_M12,CAGACCGTGGACC,M12,nuclei_fresh,SSIV
PD209_S3_scATAC-std_libprep-S3_M14,CCAGGTGACGGCC,M14,nuclei_fresh,SSIV
PD209_S3_scATAC-std_libprep-S3_M16,CTCGTGTCGGAGC,M16,nuclei_fresh,SSIV
PD209_S3_scATAC-std_libprep-S3_M18,CTTTCGTGTAGAC,M18,nuclei_fresh,SSIV
PD209_S3_scATAC-std_libprep-S3_M20,CGCCAGTGCTTTC,M20,nuclei_fresh,SSIV
PD209_S3_scATAC-std_libprep-S3_M22,CATGTTGCGGGAC,M22,nuclei_fresh,SSIV
PD209_S3_scATAC-std_libprep-S3_M24,CCGCTTGTATAGC,M24,nuclei_fresh,SSIV
PD209_S3_scATAC-std_libprep-S3_N02,CTCGTCACTGGCC,N02,nuclei_fresh,SSIV
PD209_S3_scATAC-std_libprep-S3_N04,CGCTTTTACTGAC,N04,nuclei_fresh,SSIV
PD209_S3_scATAC-std_libprep-S3_N06,CAGCAGGGACGCC,N06,nuclei_fresh,SSIV
PD209_S3_scATAC-std_libprep-S3_N08,CCCGCTCGACTAC,N08,nuclei_fresh,SSIV
PD209_S3_scATAC-std_libprep-S3_N10,CTTCTGATTTTGG,N10,nuclei_fresh,SSIV
PD209_S3_scATAC-std_libprep-S3_N12,CGATGTGCGTGTG,N12,nuclei_fresh,SSIV
PD209_S3_scATAC-std_libprep-S3_N14,CACCCCGCTCCTG,N14,nuclei_fresh,SSIV
PD209_S3_scATAC-std_libprep-S3_N16,CCAGATTGTAACG,N16,nuclei_fresh,SSIV
PD209_S3_scATAC-std_libprep-S3_N18,CTGCTCCACCAAG,N18,nuclei_fresh,SSIV
PD209_S3_scATAC-std_libprep-S3_N20,CGCGATATTCGGG,N20,nuclei_fresh,SSIV
PD209_S3_scATAC-std_libprep-S3_N22,CACAGGGGCAACG,N22,nuclei_fresh,SSIV
PD209_S3_scATAC-std_libprep-S3_N24,CCTCTGATCCGTG,N24,nuclei_fresh,SSIV
PD209_S3_scATAC-std_libprep-S3_O02,GTCATTGACTTGG,O02,nuclei_fresh,SSIV
PD209_S3_scATAC-std_libprep-S3_O04,GGGAAATCGTACG,O04,nuclei_fresh,SSIV
PD209_S3_scATAC-std_libprep-S3_O06,GAACTTACTGCGG,O06,nuclei_fresh,SSIV
PD209_S3_scATAC-std_libprep-S3_O08,GCGACGGATTAAG,O08,nuclei_fresh,SSIV
PD209_S3_scATAC-std_libprep-S3_O10,GTTGCGATGTCCG,O10,nuclei_fresh,SSIV
PD209_S3_scATAC-std_libprep-S3_O12,GGGATCGCACAGG,O12,nuclei_fresh,SSIV
PD209_S3_scATAC-std_libprep-S3_O14,GACCAAATTGTAG,O14,nuclei_fresh,SSIV
PD209_S3_scATAC-std_libprep-S3_O16,GCTGGTCAGTTTG,O16,nuclei_fresh,SSIV
PD209_S3_scATAC-std_libprep-S3_O18,GGCCAAGGCGCCG,O18,nuclei_fresh,SSIV
PD209_S3_scATAC-std_libprep-S3_O20,GATGTAAGTCTTG,O20,nuclei_fresh,SSIV
PD209_S3_scATAC-std_libprep-S3_O22,GGGTGCTCCACAG,O22,nuclei_fresh,SSIV
PD209_S3_scATAC-std_libprep-S3_O24,GCTGGTAGAGGTG,O24,nuclei_fresh,SSIV
PD209_S3_scATAC-std_libprep-S3_P02,GGCAGATTCCAGG,P02,nuclei_fresh,SSIV
PD209_S3_scATAC-std_libprep-S3_P04,GATGGTTGCAATG,P04,nuclei_fresh,SSIV
PD209_S3_scATAC-std_libprep-S3_P06,GGCGGGTAGATAG,P06,nuclei_fresh,SSIV
PD209_S3_scATAC-std_libprep-S3_P08,GCCACTCTTGGGG,P08,nuclei_fresh,SSIV
PD209_S3_scATAC-std_libprep-S3_P10,GGTGAGGTATGTG,P10,nuclei_fresh,SSIV
PD209_S3_scATAC-std_libprep-S3_P12,GAACGTTTATACG,P12,nuclei_fresh,SSIV
PD209_S3_scATAC-std_libprep-S3_P14,GGTGCCGCCAGCG,P14,nuclei_fresh,SSIV
PD209_S3_scATAC-std_libprep-S3_P16,GCGCGTTACTCAG,P16,nuclei_fresh,SSIV
PD209_S3_scATAC-std_libprep-S3_P18,GTGATTGATGGAG,P18,nuclei_fresh,SSIV
PD209_S3_scATAC-std_libprep-S3_P20,GGTTACGGGCCGG,P20,nuclei_fresh,SSIV
PD209_S3_scATAC-std_libprep-S3_P22,GACCAGCATACAG,P22,nuclei_fresh,SSIV
PD209_S3_scATAC-std_libprep-S3_P24,GCGAGTTTAATGG,P24,nuclei_fresh,SSIV
